,CUST_ID,CUST_TYPE,CUST_NAME
0,834,1,CIMA_International Mail Zone A
1,835,1,CIMA_International Mail Zone B
2,836,1,CIMA_International Mail Zone C
3,837,1,CIMA_Saint-Barthelemy
4,824,1,CIMA_SERBIA
5,1001,1,AT MEDIC INTER
6,832,1,CIMA_USA - Utah
7,833,1,CIMA_Rest Of World
8,1002,1,ZHUJIANG SARL
9,1003,1,ARTISANS D'AFRIQUE ET D'ORIENT
10,1004,1,TS EQUIPEMENT
11,1005,1,MADPROD
12,1006,1,MONDIAL AGRI
13,1007,1,SEGMA TECHNOLOGIES
14,1008,1,HEXAMAR
15,1009,1,LAMAVET
16,1010,1,SCOUL MARKET
17,1011,1,T FRERES
18,1012,1,RIAD DAR ZIN
19,1013,1,ARTISANAT CHERKAOUI
20,1014,1,NANBIO
21,1015,1,BAZAR LAHCHEN
22,1016,1,DRESSING DE LUXE
23,1017,1,ZIAD DESING
24,1018,1,MTCM
25,1019,1,ME MAROC
26,1020,1,HOTEL RAMADA
27,1021,1,N& K TRANS
28,1022,1,NEW LOOK
29,1023,1,ARGANE TIMGHARIN
30,1024,1,CLEAS MEDICAL
31,1025,1,LIBRIPLAST
32,1026,1,LARINOR
33,1027,1,MODACAL
34,1028,1,CENTRE DE SECURITE ET TRAITEMENT
35,1029,1,ACCORD SERVICE
36,1030,1,BELGAMO
37,1031,1,COLIMPEX
38,1032,1,SUD BIO IMPORT
39,1033,1,ABDELLAH HANZAZ
40,1034,1,MZA COMMERCIAL
41,1035,1,PREMIA
42,1036,1,MAROC SEALING
43,1037,1,AIR TELECOM
44,1038,1,FEEDERINFORMATIQUE
45,1039,1,BAB HOTEL
46,1040,1,FO CONNECT
47,1041,1,AEROTECHNIQUE
48,1042,1,REN TANNERIES
49,1043,1,AMAL BANDES PLASTIQUE
50,1044,1,TECHNIC RADIATEUR
51,1045,1,MAROC DISTRIBUTION ELECTRIC
52,1046,1,SCHIELE MAROC
53,1047,1,OUTIPRO S.A
54,1048,1,POTEAUX BOIS MAROC
55,1049,1,SPIRIT DESING
56,1050,1,FROIDEL
57,1051,1,MY SHOES
58,1052,1,MANUFACTURE DE TEXTILLE DE SEFROU
59,506,1,CIMA_SLOVENIA
60,507,1,CIMA_SOMALIA
61,508,1,CIMA_SRI LANKA
62,415,1,CIMA_LIBYA
63,416,1,CIMA_LITHUANIA
64,417,1,CIMA_LEBANON
65,418,1,CIMA_LUXEMBOURG
66,419,1,CIMA_HUNGARY
67,420,1,CIMA_MACAU
68,386,1,CIMA_INDIA
69,387,1,CIMA_NETHERLANDS
70,421,1,CIMA_MACEDONIA
71,422,1,CIMA_MALAWI
72,423,1,CIMA_MALDIVES
73,424,1,CIMA_MALI
74,425,1,CIMA_MALTA
75,426,1,CIMA_MAURITIUS
76,427,1,CIMA_MARTINIQUE
77,428,1,CIMA_MEXICO
78,429,1,CIMA_EGYPT
79,430,1,CIMA_MONGOLIA
80,431,1,CIMA_MOLDOVA
81,432,1,CIMA_MONTSERRAT
82,433,1,CIMA_MAURITANIA
83,434,1,CIMA_MYANMAR
84,435,1,CIMA_NAMIBIA
85,436,1,CIMA_NAURU
86,437,1,CIMA_NEPAL
87,438,1,CIMA_NIGER
88,439,1,CIMA_NIGERIA
89,440,1,CIMA_NICARAGUA
90,441,1,CIMA_NORWAY
91,442,1,CIMA_PAKISTAN
92,443,1,CIMA_PANAMA
93,444,1,CIMA_PAPUA NEW GUINEA
94,445,1,CIMA_PARAGUAY
95,446,1,CIMA_POLAND
96,447,1,CIMA_PORTUGAL
97,448,1,CIMA_REUNION ISLANDS
98,449,1,CIMA_ROMANIA
99,451,1,CIMA_PALAU
100,452,1,CIMA_S.GEORGIA AND S.SANDWICH ISL.
101,453,1,CIMA_COCOS (KEELING) ISLANDS
102,454,1,CIMA_HEARD AND MCDONALD ISLANDS
103,455,1,CIMA_ST.HELENA
104,456,1,CIMA_ST.PIERRE AND MIQUELON
105,457,1,CIMA_PITCAIRN
106,459,1,CIMA_VATICAN CITY STATE (HOLY SEE)
107,460,1,CIMA_BRITISH INDIAN OCEAN TERRITORY
108,461,1,CIMA_NETHERLANDS ANTILLES
109,462,1,CIMA_SVALBARD AND JANMAYEN ISLANDS
110,490,1,CIMA_UNITED ARAB EMIRATES
111,491,1,CIMA_BULGARIA
112,492,1,CIMA_COOK ISLANDS
113,499,1,CIMA_HAITI
114,500,1,"CIMA_SAIPAN, NOTHERN MARIANA ISLAND"
115,501,1,CIMA_SAO TOME
116,502,1,CIMA_SENEGAL
117,503,1,CIMA_SIERRA LEONE
118,504,1,CIMA_SINGAPORE
119,505,1,CIMA_SLOVAKIA
120,648,1,CIMA_EQUADOR GUINEA
121,649,1,CIMA_GUATEMALA
122,650,1,CIMA_GUINEA BISSAU
123,2698,1,KHEMISSET FATH
124,706,1,CIMA_ACORES
125,726,1,CIMA_PALESTINE
126,727,1,CIMA_MONTENEGRO
127,731,1,CIMA_EAST TIMOR
128,786,1,CIMA_SERBIA
129,542,1,CIMA_ZAMBIA
130,543,1,CIMA_ZIMBABWE
131,544,1,CIMA_RWANDA
132,545,1,CIMA_UKRAINE
133,546,1,CIMA_IRAQ
134,547,1,CIMA_TURKEY
135,549,1,CIMA_CROATIA
136,550,1,CIMA_ISRAEL
137,551,1,CIMA_ICELAND
138,552,1,CIMA_CAMBODIA
139,553,1,CIMA_KAZAKHISTAN
140,554,1,CIMA_KIRIBATI
141,555,1,CIMA_LATVIA
142,556,1,CIMA_LIECHTENSTEIN
143,557,1,CIMA_MADAGASCAR
144,558,1,CIMA_MALAYSIA
145,559,1,CIMA_MARSHALL ISLANDS
146,560,1,CIMA_MONACO
147,561,1,CIMA_MOZAMBIQUE
148,562,1,CIMA_NEVIS
149,563,1,CIMA_NIUE
150,564,1,CIMA_UZBEKISTAN
151,565,1,CIMA_PERU
152,566,1,CIMA_AMERICAN SAMOA
153,567,1,CIMA_UNITED STATES OF AMERICA
154,568,1,CIMA_ANDORRA
155,569,1,CIMA_RUSSIA
156,2697,1,HAD BRACHOUA
157,2699,1,ROMMANI
158,572,1,CIMA_ANTIGUA AND BARBUDA
159,2703,1,TAOURIRT
160,2704,1,SALA AL JADIDA
161,2708,1,SALE HAY ESSALAM
162,621,1,CIMA_FINLAND
163,622,1,CIMA_FRANCE
164,623,1,CIMA_FRENCH GUIANA
165,624,1,CIMA_GABON
166,625,1,CIMA_GAMBIA
167,626,1,CIMA_GHANA
168,628,1,CIMA_GUINEA REPUBLIC
169,629,1,CIMA_GRENADA
170,630,1,CIMA_GREENLAND
171,631,1,CIMA_GUADELOUPE
172,632,1,CIMA_GERMANY
173,633,1,CIMA_GUAM
174,635,1,CIMA_GUYANA
175,636,1,"CIMA_REPUBLIC, SOUTH AFRICA"
176,637,1,CIMA_GEORGIA
177,646,1,CIMA_EQUADOR
178,647,1,CIMA_GUERNSEY
179,583,1,CIMA_WESTERN SAMOA
180,585,1,CIMA_BELIZE
181,586,1,CIMA_BENIN
182,587,1,CIMA_BERMUDA
183,588,1,CIMA_BELARUS
184,2709,1,SALE BAB CHAAFA
185,591,1,CIMA_BOTSWANA
186,593,1,CIMA_BURUNDI
187,595,1,CIMA_BHUTAN
188,597,1,CIMA_CAPE VERDE
189,598,1,CIMA_CAYMAN ISLANDS
190,599,1,CIMA_GIBRALTAR
191,600,1,CIMA_ALGERIA
192,601,1,CIMA_DJIBOUTI
193,602,1,CIMA_COMOROS
194,604,1,CIMA_CHAD
195,605,1,CIMA_CZECH REPUBLIC
196,606,1,CIMA_CHINA
197,607,1,CIMA_DENMARK
198,608,1,CIMA_DOMINICAN REPUBLIC
199,609,1,CIMA_DOMINICA
200,611,1,CIMA_EL SALVADOR
201,612,1,CIMA_INDONESIA
202,613,1,CIMA_ERITREA
203,615,1,CIMA_ESTONIA
204,616,1,CIMA_ETHIOPIA
205,617,1,CIMA_FALKLAND ISLANDS
206,618,1,CIMA_FAROE ISLANDS
207,619,1,CIMA_MOROCCO
208,620,1,CIMA_PHILIPPINES
209,463,1,CIMA_TOKELAU
210,465,1,CIMA_CENTRAL AFRICAN REPUBLIC
211,466,1,CIMA_MICRONESIA
212,470,1,CIMA_WALLIS AND FUTUNA ISLANDS
213,471,1,CIMA_ANTARTICA
214,472,1,CIMA_MAYOTTE
215,473,1,CIMA_SAN MARINO
216,474,1,CIMA_CHRISTMAS ISLANDS
217,475,1,CIMA_FIJI
218,476,1,CIMA_NORFOLK ISLANDS
219,477,1,CIMA_CONGO DEMOCRATIC
220,478,1,CIMA_BOUVET ISLANDS
221,479,1,CIMA_US MINOR OUTLYING ISL.
222,480,1,CIMA_FRENCH SOUTHERN TERRITORIES
223,481,1,CIMA_SOLOMON ISLANDS
224,482,1,CIMA_SAUDI ARABIA
225,483,1,CIMA_TRINIDAD AND TOBAGO
226,484,1,CIMA_VENEZUELA
227,485,1,CIMA_GREECE
228,487,1,CIMA_IRAN
229,488,1,CIMA_COSTA RICA
230,489,1,CIMA_PUERTO RICO
231,510,1,CIMA_ST.LUCIA
232,512,1,CIMA_ST.VINCENT AND THE GRENADINES
233,513,1,CIMA_SUDAN
234,514,1,CIMA_SURINAME
235,515,1,CIMA_SYRIA
236,516,1,CIMA_SWAZILAND
237,517,1,CIMA_SEYCHELLES
238,518,1,CIMA_CHILE
239,519,1,CIMA_TAJIKISTAN
240,520,1,"CIMA_TAHITI, FRENCH POLYNESIA"
241,521,1,CIMA_TANZANIA
242,522,1,CIMA_THAILAND
243,523,1,CIMA_TAIWAN
244,524,1,CIMA_TOGO
245,525,1,CIMA_TONGA
246,526,1,CIMA_TUNISIA
247,527,1,CIMA_TURKS AND CAICOS ISLANDS
248,528,1,CIMA_TUVALU
249,529,1,CIMA_TURKMENISTAN
250,530,1,CIMA_UGANDA
251,531,1,CIMA_OMAN
252,532,1,CIMA_URUGUAY
253,533,1,CIMA_JORDAN
254,534,1,CIMA_VANUATU
255,535,1,CIMA_VIETNAM
256,536,1,CIMA_VIRGIN ISL.(USA)
257,537,1,CIMA_VIRGIN ISL. (UK)
258,538,1,CIMA_YEMEN
259,539,1,CIMA_NEW CALEDONIA
260,540,1,CIMA_NEW ZEALAND
261,541,1,CIMA_SERBIA
262,388,1,CIMA_HONDURAS
263,389,1,CIMA_HONG KONG
264,390,1,CIMA_GREAT BRITAIN
265,391,1,CIMA_IRELAND
266,392,1,CIMA_SPAIN
267,393,1,CIMA_SWEDEN
268,394,1,CIMA_SWITZERLAND
269,395,1,CIMA_ITALY
270,396,1,CIMA_JAMAICA
271,397,1,CIMA_JAPAN
272,399,1,CIMA_CAMEROON
273,402,1,CIMA_QATAR
274,403,1,CIMA_KENYA
275,404,1,CIMA_CYPRUS
276,405,1,CIMA_KYRGYZSTAN
277,406,1,CIMA_COLOMBIA
278,407,1,CIMA_CONGO
279,408,1,"CIMA_KOREA, REPUBLIC OF (SOUTH)"
280,409,1,"CIMA_KOREA, DEMOCRATIC REP. (NORTH)"
281,410,1,CIMA_KUWAIT
282,411,1,CIMA_CUBA
283,412,1,CIMA_LAOS
284,413,1,CIMA_LESHOTO
285,414,1,CIMA_LIBERIA
286,579,1,CIMA_BAHAMAS
287,818,1,CIMA_SDF
288,831,1,CIMA_GYTEST
289,794,1,CIMA_SCOTLAND
290,825,1,CIMA_SAINT MARTIN
291,827,1,CIMA_ISLE OF MAN
292,828,1,CIMA_WESTERN SAHARA
293,829,1,EMS_COTE D'IVOIRE
294,830,1,CIMA_ALAND ISLANDS
295,1114,1,LEAR COORPOTATION TANGER
296,1115,1,AIDMO
297,1116,1,PHARMACIE DE France
298,1117,1,MENARA COLOR
299,1118,1,WINGS LOGISTICS
300,1119,1,BAB ANMIL MAROC SARL
301,1120,1,PROPACKAGING
302,1121,1,DAR AMBAR
303,1122,1,DUCHAMPCOMPAGNIE
304,1123,1,FONDATION ESPRIT DE FES
305,1124,1,SORAYA DIFFUSION
306,1125,1,LARIMODE
307,1126,1,MANDARIN ORIENTAL JNAN RAHMA
308,1127,1,PALACE BUSINESS
309,1128,1,SGAM AI MAROC
310,1129,1,MODATRIC
311,1130,1,MFC (MIDO FOOD COMPANY)
312,1131,1,PREMO MEDITERANEE
313,1132,1,EASY FRET
314,1133,1,RIM COMMERCE
315,1134,1,SOTRAGAZ S.A.
316,1135,1,KAZE VOYAGE
317,1136,1,CMOOA EDITIONS
318,1137,1,CMOOA VENTE AUX ENCHERES
319,1138,1,HORIZONS LUMIERE
320,1139,1,TAZA PANIER
321,1140,1,NARIMEX
322,1141,1,2B.S ASSISTANCE
323,1142,1,BPO SERVICES
324,1143,1,BUROPA
325,1144,1,AH FRET
326,1145,1,STE OUESTRA
327,1146,1,COMANAV FERRY
328,1147,1,ARIAL CONFECTION
329,1148,1,AXIP MAROC
330,1149,1,JAOUAD DEKAKI
331,1150,1,LARINCOF
332,1151,1,LEO MINOR MAROC
333,1152,1,FABRIQUE DE VETEMENTS EN CUIR
334,1153,1,FRINDI TRANSIT
335,1154,1,TRIAL
336,1155,1,PHARMACEUTICAL INSTITUTE
337,1156,1,EDET
338,1157,1,MYRIAM MOURABIT
339,1158,1,RUBAN DU MAGHREB
340,1159,1,ROVATEX
341,1160,1,SKA MODE
342,1161,1,ASWANE CONFECTION
343,1162,1,C2MT
344,1163,1,SKIN
345,1164,1,CNSS
346,1165,1,BIO-OLFACTIVE SERVICE
347,1166,1,MMO
348,1167,1,MALINTECH
349,1168,1,AVAD MAROC
350,1169,1,LARAKI AUTOMOBILES
351,1170,1,FUJIKURA AUTOMOTIVE MOROCCO KENITRA
352,1171,1,SAHMED
353,1172,1,CARREFOUR MEDICAL
354,1173,1,COOPERATION EL ASSALA
355,1174,1,FOSSILE D'ERFOUD
356,1298,1,BAZAR GRANADA
357,1299,1,BAZAR CASABLANCA
358,1300,1,AD COP
359,1301,1,WUSTENSAND
360,1302,1,CHEZ LAHNA
361,1303,1,DAR ZARBIA
362,1304,1,BAZAR MEHDI
363,1305,1,STE CORALINE
364,1306,1,ART OUARZAZATE
365,1307,1,TOUHAFS DE FES
366,1308,1,L'ART MORESQUE
367,1309,1,DIVERSAM
368,1310,1,L'ART DU BRONZE( ARTISANAT)
369,1311,1,PALAIS VIZIR
370,1312,1,ARTISAN DE FES
371,1313,1,COMPTOIRE DE L'ARTISANAT
372,1314,1,EL YOUMN
373,1315,1,DUNE GALLERY
374,1316,1,AUX MERVEILLES DES TAPIS
375,1317,1,BAZAR SILVER JEWELRY
376,1318,1,COTE BOUGIE MARRAKECH
377,1319,1,LE CADEAU BERBER
378,1320,1,NOSA CUIR
379,1321,1,LUMIERES MEDITERRANNENES
380,1322,1,TALAMANZOU
381,1323,1,ESPACE BERBERES
382,1324,1,MODE EVOLUTION
383,1325,1,BAZAR ZAAFARIA
384,1326,1,FLEUR DE PIRATE
385,1327,1,DAR MOULAY DRISS
386,1328,1,BABA ABDERAHMAN
387,1329,1,AU COIN DU BOIS
388,1330,1,MRZOUK ABDELLAH
389,1331,1,LA MAISON TADALAKTT
390,1332,1,ORIGINAL DESIGN
391,1333,1,DAR ESSAAD
392,1334,1,OUMAMASS SAID
393,1335,1,POLIZZI DECOR
394,1336,1,STAG
395,1337,1,JOCKER CUIR
396,1338,1,ART DU LUMINAIRE
397,1339,1,BAZAR NACIRIA
398,1340,1,TWIZRA ENSEMLE ARTISANAL
399,1341,1,BAZAR ATLAS
400,1342,1,RABAT TAPIS
401,1343,1,COFFRE MISTERIEUX
402,1344,1,EL JOULI
403,1345,1,RETREATS SARL / BAZAR JOUTI
404,1346,1,DAR EL HAJ ALI BABA
405,1347,1,EXPOSITION LA GIRALDA
406,1348,1,KECH CONSULTING SARL
407,1349,1,DAR ESSADAKA
408,1350,1,BAZAR MERINIDES
409,1351,1,CASCADE DE LUMIERE
410,1352,1,DAR IBN KHALDOUN
411,1353,1,ECOLE BERBERE
412,1354,1,DESIGN COOK
413,1355,1,"MAROUANI ADIL""BLEU DES FES"""
414,1356,1,BELDI COUNTRY CLUB
415,1357,1,EXPOSITION TOUAREGS
416,1358,1,OROMECANICA
417,1359,1,ANNEES LUMIERES
418,1360,1,BLADI DESING
419,1361,1,GALERIE SANGREAL
420,1362,1,CASARTISAN
421,1363,1,KAYE FARELL
422,1364,1,LUP 31
423,1365,1,DIAS ART
424,1366,1,ORIGINAL MARRAKECH
425,1367,1,FOSSILES MINERAUX -TAHIRI BRAHIM
426,1368,1,FOSSILES ET CERAMIQUES DU SAHARA
427,1369,1,MAROC FOSSILES KASBAH AMMAR BOUCHAIB
428,1370,1,FOSSILES MENERAUX -MRABTI YOUSSEF
429,1371,1,ENTREPRISE AGHSANE
430,1372,1,KECHMANIA
431,1373,1,RIMLAT
432,1374,1,CHEBOUBA SHOP
433,1375,1,MANARE MARBRE
434,1376,1,KHALID MOROCCAN FOSSIL ET MINERALS
435,1377,1,NAJIB AMRAN
436,1378,1,MAISON D'ARTISANAL BERBERE A LA KASBA
437,1379,1,HASSANE MHAMDI
438,1380,1,AL MATJAR BAZAR
439,1381,1,DAR NEJJARINE
440,1382,1,RAFIA CRAFT
441,1383,1,COOPERATIVE MOGADOR
442,1384,1,PALAIS M'NEBHI
443,1385,1,DAR TIMTAM ART GALLERY
444,1386,1,ORIENTALE TENDANCE
445,1387,1,CAVERNE DU TROC
446,1388,1,GALERIE ALBADII
447,1389,1,LR-CONNECTION
448,1390,1,L'ART MAROCAIN
449,1391,1,MAMMAD DECORATION
450,1392,1,MSB DIFFUSION
451,1393,1,GALERIE POP
452,1394,1,PULSE COMPANY SERVICES
453,1395,1,LIJAC SARL
454,1396,1,MARTAL SARL
455,1397,1,MAOREX SARL
456,1398,1,ART ET DECOR 
457,1399,1,HENRY CATH
458,1400,1,FENYADI SARL
459,1401,1,LE NOUVEL ATLAS
460,1402,1,MORROCCO GALLERY . COM
461,1403,1,LA SOURCE DE TAPIS
462,1404,1,GALERIE JAMA
463,1405,1,OUAKKI FOSSIL ARTISANAT
464,1406,1,MAISON SIJILMASSA
465,1407,1,BAZAR OMAR
466,1408,1,TRIAB CONFECTION
467,1409,1,AKNOULTEX
468,1410,1,MOLT SAT SEMELL
469,1411,1,FASORTEX
470,1412,1,COTITE NORD
471,1413,1,SACCENT SARL
472,1414,1,AIT MANOS
473,1415,1,4B CONFECTION
474,1416,1,GALAXIE TEXTILE
475,1417,1,MAROQUINERIE ARI
476,1420,1,LA TULIPE
477,1421,1,S.O.C.O.B.E.T.A
478,1422,1,ROITEX
479,1423,1,IDOU CONFECTION
480,1424,1,MAJDA PLASTIQUE
481,1425,1,IBTITEX
482,1426,1,BEST VALLEY
483,1427,1,I.T.C
484,1428,1,ROMAIN
485,1429,1,PROMAILLE CONFECTION ( grpe BELKHAYATE)
486,1430,1,M.M.C
487,1431,1,H O S 3
488,1432,1,FILROC
489,1433,1,VALORIA CONFECTION
490,1434,1,S.M.F.N
491,1435,1,TEXTICOB
492,1436,1,AGZ CONFECTION
493,1437,1,ATLAS SOURCING
494,1438,1,FRECOTEX
495,1439,1,PLACE VENDOME
496,1440,1,PLF
497,1441,1,CAPFI
498,1442,1,ATELIER NIHAL
499,1443,1,TINJIS PRODUCTION
500,1444,1,MOROCCO DESTOCK ET SOURCING
501,1445,1,KENZA CLOTHING
502,1446,1,FAN MODE
503,1447,1,KAREN GERARD MAROC
504,1448,1,ITEX
505,1449,1,YOSSI BROD
506,1450,1,COFICLA MAROC
507,1451,1,CABILUX
508,1452,1,AYMACOF
509,1453,1,M TROIS A
510,1454,1,PEPER S
511,1455,1,ATIKA BOUTIQUE
512,1456,1,CAULLIEZ MAROC
513,1457,1,MAROCAINE DE TENTES ET BACHES-LMTB-
514,1418,1,STE S. D. C.
515,1419,1,BOYAUDERIE DRIMANO
516,1458,1,FOYTEX
517,1459,1,UTEX
518,1460,1,CHEZ ZOE
519,1461,1,SAMIA BRODERIE
520,1462,1,COCHEPA
521,1463,1,EDEN MAROC
522,1464,1,STE MOD'ELLE
523,1465,1,STE M & S STYLE
524,1466,1,MABOUD SARL
525,1467,1,DONNA SHOES SARL
526,1468,1,AZIZ COUTURE
527,1469,1,ATLAS WONDERS SARL
528,1470,1,TANIMPED ZONE FRANCHE SARL
529,1471,1,ROUACOF SARL
530,1472,1,SOCIETE CASPORT
531,1473,1,HI-TEX sarl
532,1474,1,SOPIDAM
533,1475,1,MAGIC FOURNITURE
534,1476,1,BALZATEX
535,1477,1,QUALIDIS
536,1478,1,MAROFEX
537,1479,1,DECACOF
538,1482,1,ATELIER 90
539,1483,1,SAMOTEX
540,1484,1,ARYANS
541,1485,1,QUATRO CONFECTION
542,1486,1,FORMULE 3
543,1487,1,ALLIANCE IND DU ZENITH
544,1488,1,CICOME
545,1489,1,ZAKIK FASHION
546,1490,1,EUROMODE
547,1480,1,HERITAGE
548,1481,1,OMEGA SHIRT
549,1491,1,MAISON DE ZOE
550,1492,1,STE KENZA BATOZA
551,1493,1,STE BERNITEX
552,1494,1,G FASHION
553,1495,1,ISYRAS
554,1496,1,CAUCHOS ARNEDO MAROC
555,1497,1,STE SOMIDATEX
556,1498,1,FFCIMEX(FALAKI HAKIM)
557,1499,1,SORAFLEX
558,1500,1,SOMITEX MORROCO SA
559,1501,1,EMMA LAMU SARL
560,1502,1,RINOTEX
561,1503,1,FASSIMAILLE
562,1504,1,NACOMA
563,1505,1,HANANE DESING
564,1506,1,LYS CAFTAN
565,1507,1,CREASUN
566,1508,1,OUMAMA CONFECTION
567,1509,1,"WEAM CHOUAIBI S,A,R,L"
568,1510,1,MAVELTEX
569,1511,1,NOMAD IN DISTRIBUTION
570,1512,1,PANTCO
571,1513,1,BENJAZ  S.A.R.L
572,1514,1,TENMAR
573,1515,1,NUEVO CALZADO INTERNATIONAL
574,1516,1,STORY JEAN'S
575,1517,1,KHAIM CUIR
576,1518,1,WML MOROCCO
577,1519,1,PALM WEAR 
578,1520,1,FREDERIQUE BIRKENEYER
579,1521,1,INDO
580,1522,1,STE DU GHASSOUL ET DE SES DERIVES SEFRIOUI
581,1523,1,PROMAMEC
582,1524,1,LABORATOIRES D'OPTIQUE HOURIA
583,1525,1,MEDIMAGE
584,1526,1,MAROC EXPO NET
585,1527,1,GEOMED
586,1528,1,PC DESING
587,1529,1,ROCHE S.A
588,1530,1,DIASUD
589,1531,1,BERIC S.A
590,1532,1,BIOLANDES MAROC
591,1533,1,LES PLANTES DU SOLEIL
592,1534,1,LAPROPHAN S.A
593,1535,1,BIORESINE INTERNATIONALE
594,1536,1,SANTIS
595,1537,1,PROMINDUS S.A
596,1538,1,AUDI OPTIC
597,1539,1,LABORATOIRES KOSMOPHARM
598,1540,1,Sté INDUSTRIELLE BENIDENT
599,1175,1,TRILOBITE
600,1176,1,ALL FOR BIKES
601,1177,1,DOUNITEX
602,1178,1,SYNOMEDA
603,1179,1,CESMA
604,1180,1,HADRI FRERES
605,1181,1,SICOPA
606,1182,1,SMEF
607,1183,1,LA PIERRE D'ERFOUD
608,1184,1,HIGH COLLECTION SHOP
609,1185,1,SMITTEN CREATIVE STUDIO
610,1186,1,AMBIANCE SYETEMS
611,1187,1,INTERLENS
612,1188,1,MAEF
613,1189,1,YKK MAROC
614,1190,1,INTERNATIONAL WOOD
615,1191,1,KRIKEZ FASHION
616,1192,1,NOGETEX
617,1193,1,MATEAS
618,1194,1,ATLAS COUSCOUS
619,1195,1,RECTANGLE
620,1196,1,GALENICA AL MAGHREB
621,1197,1,ESSAE
622,1198,1,DIAGONE
623,1199,1,CASAROP
624,1200,1,SIST
625,1201,1,IFIAG
626,1202,1,BAGHDAD PIECES AUTO
627,1203,1,OB ELECTRONIQUE
628,1204,1,FOOD PACK
629,1205,1,LASER TOLERIE PLUS
630,1206,1,HIRSCHMANN KENITRA
631,1207,1,INSTITUT PASTEUR
632,1208,1,SEHI
633,1209,1,TOP LENS
634,1210,1,MSOP SARL
635,1211,1,"C,B,C,B SARL"
636,1212,1,MAISON BERBERE TOUDGHA
637,1213,1,AUTOMATION TECHNIQUE
638,1214,1,CMS ELECTRONIQUE
639,1215,1,TOP BUSINESS
640,1216,1,FAYA MODA
641,1217,1,SOBO MODE
642,1218,1,ABOPTIQUE
643,1219,1,SAREX
644,1220,1,MACHA S.A.R.L
645,1221,1,CIELEC
646,1222,1,TELEM SARL
647,1223,1,EPICURIA
648,1224,1,STE L'EMOTION CUIR
649,1225,1,DYECHEM
650,1226,1,MAC STAR
651,1227,1,OFFSET POLYPLAST
652,1228,1,TIMAR INVEST
653,1229,1,TRIBOLOGIE
654,1230,1,HC HAKAM
655,1231,1,COLGATE PALMOLIVE
656,1232,1,BHF ATLAS PEINTURES
657,1233,1,CHIBA INDUSTRIE
658,1234,1,BITUMA
659,1235,1,TECMOM
660,1236,1,CAUTCHOUTRIE DES ZENATAS
661,1237,1,TECHNILAB HTDS
662,1238,1,DIMAPLAST SARL
663,1239,1,CHROMA
664,1240,1,ED SKULL
665,1241,1,NATURA VERDE
666,1242,1,IMEPSA MAROC
667,1243,1,AIR METROLOGIE
668,1244,1,TISSIR COLOR
669,1245,1,TERRANOVA INDUSTRIES
670,1246,1,TOP NEGOCE
671,1247,1,STE BRAGA SARL
672,1248,1,COMPANIE INDUSTRIELLE DES FIBRES
673,1249,1,TEAMAROC
674,1250,1,TANJAFLEX
675,1251,1,CRISTAL DE LA MAISON
676,1252,1,MEDIDIS
677,1253,1,SOMAVER
678,1254,1,INDUVER (PROTEX - MAROC S.A )
679,1255,1,MAREMBAL
680,1256,1,SLEEVETIK
681,1257,1,ATLAS OLIVE
682,1258,1,MAPAF
683,1259,1,AFFUT PRECIS MAROC
684,1260,1,TRAREM
685,1261,1,GRAPHIFORM MAROC
686,1262,1,ALEX TECHNOLOGIES
687,1263,1,LIBRAIRIE PAPETERIE DSM
688,1264,1,IDEMCO
689,1265,1,GREIF PACKAGING MOROCCO
690,1266,1,MULTILENS
691,1267,1,10 RAJEB
692,1268,1,Groupe CMCP
693,1269,1,MED PAPER
694,1270,1,SECURITY DOCUMENTS
695,1271,1,BELTRANSFO
696,1272,1,MDS AVIATION
697,1273,1,TECNUM
698,1274,1,AEROSPACE
699,1275,1,SODIMATEL
700,1276,1,CASABLANCA AERONAUTIQUE
701,1277,1,AERO 13 MAROC
702,1278,1,CDG Développement
703,1279,1,CENTRE REGIONAL D'INVESTISSEMENT DE CASA
704,1280,1,MIAMAR CONSTRUCTIONS SARL
705,1281,1,SEGEDEMA
706,1282,1,INES
707,1283,1,FLUIDRA MAROC
708,1284,1,TETOUAN SHORE
709,1285,1,EXPROM
710,1286,1,ALEA IMAGE LTD
711,1287,1,IKAYA
712,1288,1,ARTIVEST
713,1289,1,ZINCO
714,1290,1,STE A.DEVICO & CTS
715,1291,1,DEVELASCO ANTIQUITES
716,1292,1,MALU SERVICE
717,1293,1,PALAIS DE FES
718,1294,1,CHEZ BEL HAJ
719,1295,1,ETHNO ART GALLERY
720,1296,1,TRADITIONNEL ART GALLERY
721,1297,1,PALAIS RIMAL
722,1053,1,HERBOPARA
723,1054,1,NEW PERFECT TRADE
724,1055,1,FIBACO
725,1056,1,NAIT MBAREK
726,1057,1,KMK PARTNERS
727,1058,1,BAHJA EXPORT
728,1059,1,CLINIQUEST
729,1060,1,WAFA ASSISTANCE
730,1061,1,M P PARTS
731,1062,1,COMPAGNE GENERALE DES PARKING
732,1063,1,AVILMAR
733,1064,1,PASSION DES BIJOUX
734,1065,1,ISOLAB
735,1066,1,MABROUKI PRODUCT
736,1067,1,SFRM
737,1068,1,SIMAFIX
738,1069,1,AXANET SERVICES
739,1070,1,MCM-Maroc Création Marrakech
740,1071,1,PALAIS VOLUBILIS
741,1072,1,THATEX
742,1073,1,STE FIRST LINE CONFECTION
743,1074,1,ART NOMADE
744,1075,1,NOTAM
745,1076,1,PALAIS QUARAOUIYINE
746,1077,1,EUROFILET
747,1078,1,UNIVERSITE SIDI MED BENABDELLAH
748,1079,1,CREAZEN
749,1080,1,OCEAN CARGO LINE
750,1081,1,LALLA MARRAKECH
751,1082,1,SOMADIET
752,1083,1,ARTCO
753,1084,1,CHINA TALENTO
754,1085,1,ALADAIN SHOES
755,1086,1,SDFI
756,1087,1,MASTERNAUT
757,1088,1,KAYNA GROUP
758,1089,1,TTAM
759,1090,1,SNER
760,1091,1,AIRE DENTAIRE MAROCAINE
761,1092,1,RONY'S
762,1093,1,CARVEN
763,1094,1,Créations LYS
764,1095,1,VETIR 2000
765,1096,1,CROUZET
766,1097,1,EUROFLEX
767,1098,1,FES TRANSIT
768,1099,1,T T E S
769,1100,1,STE SOTEXBRODE SARL
770,1101,1,ALANTREIBE DEVELOPMAND
771,1102,1,CAPTAIN EXPRESS
772,1103,1,STE FOITEC
773,1104,1,C I E A
774,1105,1,BIGDIL (GROUPE SAHAM)
775,1106,1,SAHAM ASSISTANCE
776,1107,1,VIA SETA (GROUPE SAHAM)
777,1108,1,J A EVENTS
778,1109,1,MED ECO VILLAGE DEV
779,1110,1,KICK & RUSH
780,1111,1,RIVE SARL
781,1112,1,PRECIFAR SARL
782,1113,1,ARTIZANIA VENUS
783,1724,1,POLY MOTO
784,1725,1,MAJKA
785,1726,1,MOVISIA
786,1727,1,POLEX SPORT
787,1728,1,BIHI MENAGE
788,1729,1,LAMOP
789,1730,1,BACHE NEGOCE
790,1731,1,YAHYA CREATION
791,1732,1,JPV EXCHANGE
792,1733,1,ENECA
793,1734,1,CHIC ET GLAMOUR
794,1735,1,STILL IMAGES
795,1736,1,DFI INTERNATIONAL
796,1737,1,LM CONTACT
797,1738,1,LEON A SERFATY
798,1739,1,LAK S AFRIC
799,1740,1,GOMEVA
800,1741,1,AS3 EQUIPEMENT
801,1742,1,NEW CITA
802,1743,1,T T S (TECHNIQUE TENTES & STORES)
803,1744,1,L'APPROVISIONNEUR TECHNIQUE
804,1745,1,HYDROBULDING SYSTEMS NORTH AFRICA
805,1746,1,AUDITION UNIVERS
806,1747,1,SOIMPEX
807,1748,1,ICAT INTERNATIONAL
808,1749,1,SPINOSA EXPORT
809,1750,1,MARRAKECH COSMETUDE
810,1751,1,AUTO FILER TECHNOLOGIE
811,1752,1,JET SPORT
812,1753,1,ARTE-PALMA
813,1754,1,GARDEN HOME MAROC
814,1755,1,SILVATRIM
815,1756,1,INTERNATIONAL INFORMATIQUE
816,1757,1,TRADEMAR
817,1758,1,STE MAROC RABAT NOUR
818,1759,1,STE MAROC MR PRINT
819,1760,1,TRANSCO AFRICA
820,1761,1,BUROTRADE
821,1762,1,VOIP MAROC
822,1763,1,TELEDYNE
823,1764,1,PHILIPPE FLUCHAIRE
824,1765,1,DECORATION ET CONSEIL INTERNATIONAL
825,1766,1,AMARANTE
826,1767,1,AL AFLAK SERVICES
827,1768,1,STE DESTRINEG MAROC
828,1769,1,OUSSAMA
829,1770,1,OMYCOM
830,1771,1,ARDECO
831,1772,1,STEMANE(Ste marocaine de négoce)
832,1773,1,AIRCLIMA
833,1774,1,EASYLOG
834,1775,1,O.C.E
835,1776,1,VIRTMALL
836,1777,1,STE QUALIMET MAROC
837,1778,1,ZOUBIDA TRADE
838,1779,1,ULTRA LENS
839,1780,1,SAINT GOBAIN SEKURIT
840,1781,1,ONE 2 MARKET PLUS
841,1782,1,EQUITEC INDUSTRIE
842,1783,1,AUTO FILLER
843,1784,1,TECHMAC
844,1785,1,LEAR COORPOTATION RABAT
845,1786,1,FAURICIA
846,1787,1,REVOCOAT MOROCCO
847,1788,1,FORAMAG
848,1789,1,CFAO MOTORS MAROC
849,1790,1,POLYDESING SYSTEMS SARL
850,1791,1,TAKATA MAROC SARL
851,1792,1,SEWS MFZ 
852,1793,1,MALINTECH WPS
853,1794,1,SCHLEMMER MAROC
854,1795,1,INGELEC SARL
855,1796,1,SEWS KENITRA
856,1797,1,DANA PIECES AUTOS
857,1798,1,SEWS MAROC(AIN AOUDA)
858,1799,1,PLASTEX MAROC SA
859,1800,1,DENSO THERMAL SYSTEME
860,1801,1,SEBORDNETZE MOROCCO SARL
861,1802,1,VISTEON
862,1803,1,COMPONENTES DE AUTOMOCION
863,1804,1,IRCAM
864,1805,1,MINISTERE DE COMMERCE ET INDUSTRIE
865,1806,1,FEDASO
866,1807,1,LA PRESIDENCE UNIVERSITE MOHAMED V
867,1808,1,CABINET OMAR SKALLI
868,1809,1,OCTAGONE INDUSTRIES
869,1810,1,JANISMAR
870,1811,1,ACADEMIE DU ROYAUME MAROC
871,1812,1,HAUT AUTORITE DE LA COMMUNICATION AUDIOVISUELLE
872,1813,1,UNFPA
873,1814,1,SAFRAN ENGINEERING (TEUCHOS MAROC)
874,1815,1,FONDATION MED VI POUR LA PROTECTION DE L'ENV
875,1816,1,FIRST TRANSPORT LOGISTICS
876,1817,1,NEW PUBLICITY
877,1818,1,MAGLAB SERVICES
878,1819,1,MINESTERE DE PECHE MARITIME
879,1820,1,ANRT
880,1821,1,APDO
881,1822,1,JPS TECHNOLOGIE (FINATECH)
882,1823,1,APDS
883,1824,1,DSV TRANSPORT INTERNATIONAL
884,1825,1,BANQUE ISLAMIQUE DE DEVELOPPEMENT
885,1826,1,BANQUE MONDIALE
886,1827,1,AXA ASSURANCES
887,1828,1,SHEM'S LINTAS
888,1829,1,BARID AL MAGHRIB
889,1830,1,O.R.M.V.A TAFILALET
890,1831,1,COMANAV
891,1832,1,APDN
892,1833,1,COMMISSION ARABE D'AVIATION CIVILE
893,1834,1,NOVEC
894,1835,1,ATLAS VOYAGES
895,1836,1,MIDAV
896,1837,1,C.I.D
897,1838,1,PALAIS JAMAI
898,1839,1,O.F.P.P.T
899,1840,1,EXCLUSIVELY MOROCCO
900,1841,1,MED SHIPPING
901,1842,1,C.F.C.I.M
902,1843,1,S F I NAEDF
903,1844,1,B M C E BANK
904,1845,1,DOCTEUR BEN YAHIA
905,1846,1,AGENCE DE DEVELOPPEMENT SOCIAL
906,1847,1,U.G.G.C
907,1848,1,IDEA MAROC
908,1849,1,Ministère de Finance  & de la Privatisation
909,1850,1,H.E.M
910,1851,1,Office National de l’Electricité et de l’Eau Potable/ Branche Eau
911,1852,1,INTERMONE OXFAM
912,1853,1,ECOLE HASSANIA
913,1854,1,HOTEL HAYATT REGENCY INTEREDEC MAROC
914,1855,1,AXA ASSISTANCE MAROC
915,1856,1,NEW LIFE Canada
916,1857,1,SABA & CO
917,1858,1,PRESSE DIRECTE
918,1859,1,LES AUTOROUTES DU MAROC
919,1860,1,EDISOFT
920,1861,1,AGENCE UNIVERSITAIRE DE LA FRANCOPHONIE
921,1862,1,FAIR INSURANCE & REINSURANCE BROKERS
922,1863,1,CAPLINE
923,1864,1,AMBASSADA DE ESPANA( Bureau de l’Environnement)
924,1865,1,HORIZON SERVICE
925,1866,1,SNCF INTERNATIONAL
926,1867,1,CAPITAL TRUST
927,1868,1,ICE MAGHREB
928,1869,1,DAR TIZRIT
929,1870,1,AL BARID BANK
930,1871,1,NADATRA
931,1872,1,TRANSALIAS
932,1873,1,ZAKS ADVETISING
933,1874,1,NARJIS D'INVESTISSEMENT
934,1875,1,TEAM MAROC
935,1876,1,LA PROD
936,1877,1,AGENCE France DE PRESSE
937,1878,1,SANASH
938,1879,1,AFFRETCO
939,1880,1,MTI TELECOM
940,1881,1,EQDOM
941,1882,1,MAGHREB CONSULTING
942,1883,1,H2DEV
943,1884,1,FIDUCIAIRE MGSI
944,1885,1,FIDARMES
945,1886,1,"PALMSDALE S,A,R,L"
946,1887,1,AMT CONSULTING
947,1888,1,EFFICIET TECHNOLOGY
948,1889,1,FOUR SEASONS
949,1890,1,STIGMAR
950,1891,1,COMATTIR
951,1892,1,TRANSINESS SARL
952,1893,1,LES ECOLES AL MADINA
953,1894,1,MOROCCO TOURIST FEFUND
954,1895,1,STE CAPITAL EVENTS
955,1896,1,EDITION COLBI
956,1897,1,INTERPID SARL
957,1898,1,IGA
958,1899,1,ENSIT
959,1900,1,CAPGEMINI TECHNOLOGY SERVICES MAROC
960,1901,1,C G L U A
961,1902,1,OCRE TRANSIT(SAIDA BEN BOUHOU)
962,1903,1,ABRASTEEL SSAB
963,1904,1,DIRECTION DES ROUTES
964,1905,1,ESCA
965,1906,1,MUNDIAPOLIS UNIVERSITE
966,1907,1,DIRECTION DE DEVELOPPEMENT COMMERCIAL PGP
967,1908,1,AMB Espagne-Dpt de l´Emploi et des Affaires Sociales
968,1909,1,BCV
969,1910,1,REAL TIME
970,1911,1,AFIF KHALLADI PARTNER'S
971,1912,1,JICA
972,1913,1,STE IMA SERVICES
973,1914,1,ICARDA
974,1915,1,AMBASSADE DU CHILI
975,1916,1,STEPHANE BRAUD
976,1917,1,DATA EMBASSY
977,1918,1,HERMES
978,1919,1,AIDA MAROC
979,1920,1,ACCHD
980,1921,1,HYSCA
981,1922,1,MAKITI
982,1923,1,FREIGHT SERVICE INTERNATIONAL
983,1924,1,ISCAE
984,1925,1,ASCENT CAPITAL PARTNERS
985,1926,1,LYCEE REGNAULT
986,1927,1,E.F.A
987,1928,1,TRANSKAB
988,1929,1,CAPITAL CONSULTING 
989,1930,1,SUPPORT SERVICES AMAZON
990,1931,1,CNAM
991,1932,1,AGENCE DE DEVELOPPEMENT AGRICOLE
992,1933,1,BANQUE POPULAIRE
993,1934,1,COMPOSITES INGENIERIE REALISATION
994,1935,1,CAPACOM
995,1936,1,CONSEIL GRAPHIQUE 
996,1937,1,AGENCE NATIONALE DES PORTS-ANP-
997,1938,1,ALMA TRANS LOGISTIC
998,1939,1,TECHNOBEL TECHNOLOGIE
999,1940,1,CDG SEIGE
1000,1941,1,DIWANE BELLAKHDAR
1001,1942,1,INSTALLATOR
1002,1943,1,SOGELAB
1003,1944,1,UNIVERSITE AL AKHAWAYN
1004,1945,1,IEC MAROC
1005,1946,1,"R,A,D,E,E,O"
1006,1947,1,STE DOCUPRINT
1007,1948,1,UNIVERSITE DE RABAT
1008,1949,1,PACTILIS
1009,1950,1,ALFA AIR
1010,1951,1,ECOLAB MAROC
1011,1952,1,SOUHAIR TRANSIT
1012,1953,1,GIE TARGANINE
1013,1954,1,CONSERVERIE ZAGMOUZI
1014,1955,1,STE AGRICOLE DELICAIS
1015,1956,1,CHAMITA
1016,1957,1,SILVER FOOD
1017,1958,1,ETABLISSEMENT EL ANSARI
1018,1959,1,COMANER DISTRIBUTION
1019,1960,1,FRIGO TARIK
1020,1961,1,SOPRIMEX
1021,1962,1,CAPRIMAR
1022,1963,1,MAROCAPRES sarl
1023,1541,1,LOCAMED SCE
1024,1542,1,SEALEADS
1025,1543,1,HUILAROME
1026,1544,1,TOP MEDICAL
1027,1545,1,GPC
1028,1546,1,I.P.V
1029,1547,1,COSMETIC HORIZONS
1030,1548,1,HEALTH & LIFE CARE
1031,1549,1,MALAK BIO
1032,1550,1,NADI MED
1033,1551,1,ARGAN PALACE
1034,1552,1,ATLAS NATURE
1035,1553,1,MEDICAL CARDIO
1036,1554,1,NAT ARGAN
1037,1555,1,MABIOMA EXPORT
1038,1556,1,CIERAP SYSTEMS SARL
1039,1557,1,TISMARO
1040,1558,1,ORTHO PRESTIGE
1041,1559,1,ARGANIS COSMETICS
1042,1560,1,IMPEX PHARMA
1043,1561,1,JETWALLY SARL
1044,1562,1,RAMO PHARM INTERNATIONAL
1045,1563,1,ARGANISME COSMETIQUE
1046,1564,1,CENTRE EZINE D'ESTHETIQUE
1047,1565,1,INOV ENGINEERING
1048,1566,1,MEDICA MAROC
1049,1567,1,PARFUM GANDOUR MAROC
1050,1568,1,INLOVE BEAUTE
1051,1569,1,PARCOMAR
1052,1570,1,OPTIFAK
1053,1571,1,SLM PHARMA
1054,1572,1,BIO BUSINESS
1055,1573,1,ZIT SIDI YASSINE
1056,1574,1,SCAITEC
1057,1575,1,OMOROCCO
1058,1576,1,LABORATOIRE GALENICA
1059,1577,1,ERAMEDIC
1060,1578,1,ANELA INTERNATIONAL
1061,1579,1,SIPROMED
1062,1580,1,YVES ROCHER MAROC
1063,1581,1,AHLA
1064,1582,1,IMS SARL
1065,1583,1,ODONTIS
1066,1584,1,BESTOF COMPANY
1067,1585,1,SOGIPHARM
1068,1586,1,LABORATOIRE CALIER MAROC
1069,1587,1,MIL-YOU PARFUM
1070,1588,1,NATUROM
1071,1589,1,AFOUS ARGAN
1072,1590,1,RECKITT BENCKISER MOROCCO
1073,1591,1,DIGITAL VIRGO MAROC
1074,1592,1,somara
1075,1593,1,WINCOR NIXDORF
1076,1594,1,T.C.S.M
1077,1595,1,TEL COM
1078,1596,1,MEGA HISSOTTO
1079,1597,1,BULL MAROC
1080,1598,1,2IS SERVICES
1081,1599,1,NETAS MAROC
1082,1600,1,CIMECOM
1083,1601,1,NEW TECHNOLOGY SYSTEM
1084,1602,1,ULTRANET
1085,1603,1,AUTOMATIC ID
1086,1604,1,HUAWEI TECHNOLOGIES MOROCCO SARL
1087,1605,1,IP VISION
1088,1606,1,SUNGHRAF
1089,1607,1,FUNK  TELECOM
1090,1608,1,ECART SCE MOROCCO
1091,1609,1,PHF COM
1092,1610,1,ADVANCED AUTOMATION
1093,1611,1,DISWAY
1094,1612,1,QUALITECH
1095,1613,1,ELEXPERT
1096,1614,1,ABCHIR SARL
1097,1615,1,GLOBAL TELECOMMUNICATION DEVELOPMENT (GTEL)
1098,1616,1,SOFRECOM MAROC
1099,1617,1,UNIVERSAL PHENIX
1100,1618,1,GRILLAGES MAROCAINES (GRIFLEX)
1101,1619,1,PETROTANK SA
1102,1620,1,SPECIMATIQUE
1103,1621,1,SOCAFIX
1104,1622,1,LES MOPEDES MAROCAINS
1105,1623,1,SEPALUMIC
1106,1624,1,FLOQUET MOTOR INDUSTRIE
1107,1625,1,AFRIC ROULEMENT
1108,1626,1,SONEGRE
1109,1627,1,CROMODUROFMI
1110,1628,1,CAN EVENS
1111,1629,1,LARES
1112,1630,1,SIDIME
1113,1631,1,WATEC
1114,1632,1,SOTHCOM
1115,1633,1,ALUMINUIM DU MAROC
1116,1634,1,MESURE AL BAYDA
1117,1635,1,FAMASSER
1118,1636,1,SPMA
1119,1637,1,PETIT FORESTIER MAROC
1120,1638,1,STE SOMADU
1121,1639,1,DELATTRE LEVIVIER MAROC
1122,1640,1,SIMOTEM SARL
1123,1641,1,HALMES MAROC
1124,1642,1,LES ATELIERS AM
1125,1643,1,LUMAR
1126,1644,1,ETIPRIM
1127,1645,1,FLOWSRVE
1128,1646,1,KSB POMPES
1129,1647,1,SOPROMAR
1130,1648,1,AMINE TRANSFO
1131,1649,1,TOOLING INDUSTRIE
1132,1650,1,NAYOKA
1133,1651,1,BUZZICHELLI MAROC
1134,1652,1,DRAPOR
1135,1653,1,QUALITE CONTRÔLE MESURE
1136,1654,1,GAVIOTA
1137,1655,1,EFMADECH
1138,1656,1,SOFATISSE
1139,1657,1,WIDE INDUSTRY DISTRIBUTION
1140,1658,1,WAGA ENGINEERING ET DISTRIBUTION
1141,1659,1,SINPEC
1142,1660,1,DOGA INDUSTRIES
1143,1661,1,CASATHERM
1144,1662,1,KAFEB
1145,1663,1,MESUREMENT CONTROL CENTER
1146,1664,1,FRAMATIC
1147,1665,1,COGEVE
1148,1666,1,STE TIZI -KORT
1149,1667,1,DICEP (IEA)
1150,1668,1,ZINELEC
1151,1669,1,ASTEMA
1152,1670,1,ROMERO & SONS SARL
1153,1671,1,SDMYERS MAROC
1154,1672,1,MAPICER S.A
1155,1673,1,LES CABLERIES DU MAROC
1156,1674,1,MAGHREB ELECTRO TECHNIQUE(MET)
1157,1675,1,KBM ELECTRONIC
1158,1676,1,SOMATI
1159,1677,1,ISFOMA
1160,1678,1,ALMA BAT
1161,1679,1,SOREMAR
1162,1680,1,NEMOTEK
1163,1681,1,AFRIQUE CABLE
1164,1682,1,DISTREL
1165,1683,1,NOVELLI PUMPS
1166,1684,1,ABL SURSUM
1167,1685,1,CA2E
1168,1686,1,ELECTRONICAL ENGINEERING
1169,1687,1,GEMADEC
1170,1688,1,CAZINOV
1171,1689,1,TECHNITEC
1172,1690,1,EOLANE
1173,1691,1,ISOFORM
1174,1692,1,OKSA MAROC
1175,1693,1,PROCITECH
1176,1694,1,ACJH SARL
1177,1695,1,LES ATELIERS PYROS
1178,1696,1,TRANSFIX MAROC
1179,1697,1,SIGMAQUAL
1180,1698,1,TELEM TELESERVEILLANCE MAROC
1181,1699,1,MEST COMPOSANTS
1182,1700,1,BEARCH
1183,1701,1,SCHNEIDER ELETRIC MAROC
1184,1702,1,CAPELEM
1185,1703,1,ALEDINO INTERNATIONAL
1186,1704,1,OGE
1187,1705,1,ATD ELECTRONIC MOROCCO
1188,1706,1,ASTRON MACHINE TOURNATE
1189,1707,1,IMACAB SARL
1190,1708,1,VITOGAZ
1191,1709,1,OFFICE NATIONAL DE L'ELECTRICITE
1192,1710,1,COMPAGNIE MINIERE DE TOUISSIT
1193,1711,1,ONHYM
1194,1712,1,MAFODER
1195,1713,1,ATLAS PRO INDUSTRY -API-
1196,1714,1,SOUK WEAR
1197,1715,1,AKFAF IMPORT/EXPORT
1198,1716,1,SOFISMA SARL
1199,1717,1,OUTICOM
1200,1718,1,TENERIF
1201,1719,1,RICHBOND
1202,1720,1,ATLAS CIT
1203,1721,1,KAYBEE NEGOCE
1204,1722,1,CENTRALE KITEA
1205,1723,1,ARMOR INDUSTRIE
1206,2037,1,Post Office Meknes
1207,2040,1,UNION PLASTIQUE MAROC
1208,2045,1,MAIRAV
1209,2056,1,MAIRAV
1210,2062,1,ATRADIN
1211,2067,1,Ste Zidane
1212,2068,1,TRAMED
1213,2069,1,PARME MARIN
1214,2071,1,MAISON D'ÉTÉ
1215,2074,1,MC DOMAR GROUP
1216,2077,1,LIGNES D'INTERIEUR
1217,2078,1,PHILIPPE JAYAT
1218,2079,1,UNITED MED
1219,2080,1,VISA INERNATIONAL
1220,2082,1,SUNWATCH
1221,2109,1,ISONET
1222,2135,1,BOUSKOURA
1223,2136,1,CASA HAY EL INARA
1224,2137,1,AGADIR HAY AL WAFA
1225,2138,1,AIN HARROUDA
1226,2139,1,AGADIR HAY DAKHLA
1227,2140,1,CASA 2 MARS
1228,2176,1,CASA AIN SBAA AL HADIKA
1229,2177,1,BENSERGAO
1230,2179,1,CASA HAY SALMIA
1231,2180,1,CASA AIN SEBAA
1232,2181,1,BIOUGRA
1233,2182,1,CASA AIN SEBAA PLAGE
1234,2183,1,DCHEIRA
1235,2184,1,CASA IBN TACHAFINE
1236,2192,1,HAD TAHALA
1237,2196,1,CASA BACHKOU
1238,2207,1,CASA BD ABDELMOUMEN
1239,2215,1,TAN TAN PPAL
1240,2229,1,CASA MAARIF
1241,2230,1,CASA EL FIDA
1242,2231,1,TIT MELLIL
1243,2232,1,CASA EL HANK
1244,2233,1,CASA MEKDAD LAHRIZI
1245,2236,1,CASA MERS SULTAN
1246,2259,1,CASA SIDI MOUMEN
1247,2260,1,CASABLANCA HAY SADRI
1248,2262,1,CASA AIN BORJA
1249,2038,1,Marrakech Agency
1250,2064,1,ETS BERRADA ET MIYARA
1251,2065,1,GENERAL LIGHTING
1252,2070,1,SAPAK
1253,2072,1,CAFESTA
1254,2083,1,BASF MAROC
1255,2084,1,ASERTI ELECTRONIC  
1256,2085,1,CASABLANCA AGENCE MESSAGERIE MOHAMMED V
1257,2107,1,BRADMED TRANS
1258,2108,1,TREELAN
1259,2130,1,BENSLIMANE PPAL
1260,2133,1,AGADIR FAR
1261,2134,1,AGADIR FOUNTY
1262,2185,1,GUELMIM PPAL
1263,2186,1,CASA AL QODS
1264,2187,1,CASA KSAR BHAR
1265,2188,1,GUELMIM PORTE DU SAHARA
1266,2189,1,CASA LISSASFA
1267,2190,1,CASABLANCA ATTACHAROUK
1268,2191,1,HAD AIT BELFAA
1269,2201,1,IFNI HAY LALLA MERYEM
1270,2203,1,CASA BANDOENG
1271,2204,1,IFNI PPAL
1272,2205,1,CASA BLANCA 10 MARS
1273,2206,1,IMMOUZZER IDA OUTANANE
1274,2270,1,CASABLANCA AHL LOGHLAM
1275,2298,1,FES BATHA
1276,2299,1,AIT ATTAB
1277,2306,1,FES BEN DEBBAB
1278,2307,1,AZEMMOUR
1279,2327,1,FES KARAOUIYINE
1280,2328,1,BENI MELLAL OULAD HAMDANE
1281,2329,1,FES LES MERENIDES
1282,2330,1,KENITRA MAAMOURA
1283,2331,1,BENI MELLAL PPAL
1284,2332,1,FES LOUIZAT
1285,2333,1,BERRECHID HAY HASSANI
1286,2334,1,FES NARJIS
1287,2335,1,MARRAKECH EL BAHIA
1288,2371,1,MARRAKECH SIDI GHANEM
1289,2373,1,EL JADIDA PLATEAU
1290,2379,1,HAD HARARA
1291,2063,1,STYLE TEX FACTORY
1292,2095,1,SUNRISE TRAIDING
1293,2096,1,TRIA GROUP
1294,2097,1,ARZAK
1295,2105,1,GPEM
1296,2110,1,DENTAL PROJECT
1297,2111,1,CASABLANCA ENNASSIM
1298,2112,1,AGADIR AL FIDDIYA
1299,2113,1,TIZNIT
1300,2114,1,CASA GARE
1301,2115,1,CASA HAY EL BARAKA
1302,2141,1,CASA HAY EL OULFA
1303,2142,1,AGADIR PPAL
1304,2148,1,CASA HAY ESSALAM
1305,2149,1,AGADIR QUARTIER INDUSTRIEL
1306,2150,1,AGADIR TALBORJT
1307,2152,1,CASABLANCA HAY ESSALAMA
1308,2156,1,AIT MELLOUL
1309,2166,1,AIT MELLOUL HAY AZROU
1310,2167,1,CASA AIN CHOK
1311,2168,1,CASA HAY IFRIQUIA
1312,2169,1,AIT MELLOUL HAY RIAD
1313,2170,1,CASA AIN DIAB
1314,2174,1,AIT MELLOUL ZONE INDUSTRIELLE
1315,2214,1,TAN TAN MEDINA
1316,2222,1,CASA BOURGOGNE
1317,2223,1,CASA BOURSE
1318,2224,1,CASA BOUSMARA
1319,2225,1,CASA CITE DJEMAA
1320,2227,1,CASA DERB GHALLEF
1321,2237,1,MOHAMMEDIA RACHIDIA
1322,2238,1,CASA EMILE ZOLA
1323,2239,1,CASA MCALLA
1324,2240,1,CASA OASIS
1325,2241,1,MOHAMMEDIA LA COLLINE
1326,2281,1,CASA HAY EL FARAH
1327,2283,1,CASA HAY HASSANI
1328,2284,1,CASA HAY MY RACHID
1329,2285,1,CASA HAY EL INARA
1330,2308,1,FES BENSOUDA
1331,2309,1,AZILAL
1332,2382,1,KENITRA NOUVELLE MEDINA
1333,2018,1,test customer
1334,2029,1,AFGHANISTAN
1335,2031,1,Antigua
1336,2041,1,MAIRAV
1337,2060,1,COMED
1338,2092,1,CASABLANCA MOHAMMED V - AGENCE MESSAGERIE
1339,2116,1,AGADIR ANZA
1340,2117,1,BENSLIMANE FATH
1341,2121,1,AGADIR EL KHIAM
1342,2212,1,OULAD TEIMA
1343,2213,1,TAN TAN CITE ADMINISTRATIVE
1344,2226,1,CASA DAR LAMANE
1345,2244,1,CASA OUM RABIAA
1346,2245,1,MOHAMMADIA PRINCIPAL
1347,2247,1,CASA PPAL
1348,2248,1,MOHAMMADIA HASSANIA
1349,2249,1,CASA QUARTIER DES HOPITAUX
1350,2279,1,CASA TAKADOUM
1351,2280,1,CASABLANCA ANASSI
1352,2293,1,CASA MOUSSA BNOU NOUCEIR
1353,2294,1,CASA SIDI OTHMANE
1354,2295,1,CASA SIDI SOUFI
1355,2336,1,FES PRINCIPAL
1356,2337,1,BERRECHID PPAL
1357,2338,1,MARRAKECH GARE ONCF
1358,2339,1,FES SIDI BRAHIM
1359,2340,1,BERRECHID YASMINA
1360,2341,1,FES SOUNDOUS
1361,2342,1,BIR JDID
1362,2343,1,FES ZOUHOUR
1363,2344,1,MARRAKECH HAY AL MASSIRA
1364,2345,1,BOUJNIBA
1365,2346,1,KENITRA AL MASSIRA
1366,2347,1,GUERCIF
1367,2348,1,BOULANOUAR
1368,2353,1,IMOUZZER MAR
1369,2354,1,DAR OULD ZIDOUH
1370,2355,1,MARRAKECH HAY HASSANI
1371,2356,1,MARRAKECH HAY MOHAMMADI
1372,2357,1,EL BOROUJ
1373,2358,1,MY YACOUB
1374,2359,1,EL GARA
1375,2059,1,SINATEC
1376,2061,1,FOLLY FASHION
1377,2094,1,ORIPERLE
1378,2102,1,HEALTH AND BEAUTY COSMETICS
1379,2103,1,GENERAL MEDIC
1380,2106,1,BIOAFRI TECH
1381,2297,1,AGADIR AL FIDDIYA
1382,2360,1,MARRAKECH MEDINA
1383,2361,1,OUED AMLIL
1384,2363,1,EL JADIDA BIR ANZARANE
1385,2364,1,MARRAKECH PONT MASSIRA
1386,2365,1,S. HRAZEM
1387,2366,1,EL JADIDA BOUCHRIT
1388,2367,1,MARRAKECH PPAL
1389,2368,1,EL JADIDA ESSAADA
1390,2369,1,MARRAKECH SIDI ABBAD
1391,2370,1,EL JADIDA JOUHARA
1392,2374,1,EL JADIDA PPAL
1393,2378,1,FQUIH BEN SALEH GARE
1394,2380,1,OUARZAZATE PPAL
1395,2381,1,HATTANE
1396,2383,1,KASBA TADLA HAY BOUDRAA
1397,2384,1,OUARZAZATE TASSOUMAATE
1398,2385,1,KASBA TADLA PPAL
1399,2386,1,SIDI BOU OTHMANE
1400,2387,1,KHEMIS DES ZEMAMRA
1401,2389,1,TAHANAOUTE
1402,2391,1,SEFROU YOUSSEF IBN TACHAFIN
1403,2392,1,TAFRANNT
1404,2393,1,KHOURIBGA AL QODS
1405,2394,1,KENITRA OULAD OUJIH
1406,2395,1,TAOUNATE PPAL
1407,2396,1,TAZA GARE
1408,2400,1,KHOURIBGA ZELLAGA
1409,2401,1,TAZA PRINCIPAL
1410,2403,1,OUALIDIA
1411,2407,1,BOUJDOUR
1412,2408,1,TANANNT
1413,2411,1,OUAOUIZARHT
1414,2412,1,DAKHLA
1415,2413,1,ZAGORA
1416,2414,1,OUED ZEM AL WAHDA
1417,2415,1,ESSEMARA
1418,2028,1,AFGHANISTAN
1419,2376,1,FKIH BEN SALAH
1420,2377,1,FOUM EL ANSER
1421,2397,1,KHOURIBGA PPAL
1422,2398,1,TAMEGROUTE
1423,2399,1,TAZA HAUT
1424,2416,1,AGUELMOUSS
1425,2417,1,AIN LEUH
1426,2419,1,OUED ZEM PPAL
1427,2422,1,LAAYOUNE AL MASSIRA
1428,2423,1,AIN TAOUJDATE
1429,2424,1,SAFI AL MASSIRA
1430,2425,1,LAAYOUNE EL AMAL
1431,2426,1,AIT ISHAK
1432,2427,1,SAFI AZIB DRAI
1433,2428,1,LAAYOUNE ENNAHDA
1434,2429,1,SAFI PPAL
1435,2430,1,LAAYOUNE PORT
1436,2431,1,ALNIF
1437,2432,1,SAFI SIDI ABDELKRIM
1438,2433,1,LAAYOUNE PPAL
1439,2434,1,SAFI SIDI BOUDAHAB
1440,2435,1,LAAYOUNE VILLE
1441,2436,1,AZROU AHADAF
1442,2437,1,SAFI SIDI OUASSEL
1443,2438,1,TARFAYA
1444,2439,1,AZROU PPAL
1445,2440,1,KENITRA PRINCIPAL
1446,2441,1,SEBT OULAD NEMMA
1447,2442,1,BENGUERIR PPAL
1448,2443,1,BOUARFA
1449,2444,1,SETTAT
1450,2445,1,BENGUERIR VILLE
1451,2446,1,EL HAJEB
1452,2447,1,SETTAT HAY EL FARAH
1453,2448,1,CHEMAIA
1454,2449,1,EL HAJEB MEDINA
1455,2450,1,CHICHAOUA
1456,2451,1,EL KEBAB
1457,2452,1,SETTAT SAMIR
1458,2453,1,ERFOUD
1459,2455,1,SIDI BENNOUR
1460,2456,1,ERRACHIDIA BOUTALAMINE
1461,2458,1,SIDI BOUZID
1462,2026,1,Emirates Arabes Unis
1463,2034,1,Test Customer
1464,2042,1,DHL
1465,2046,1,MAIRAV
1466,2050,1,MAIRAV
1467,2052,1,FOLLY FASHION
1468,2093,1,SELINEL
1469,2099,1,ECONOCOM LOCATION MAROC
1470,2100,1,MAR'KNES STYLE
1471,2101,1,RAMO PHARM
1472,2208,1,INEZGANE PPAL
1473,2209,1,INEZGANE TARRAST
1474,2210,1,KHMIS IDA OU GNIDIF
1475,2211,1,LQLIAA
1476,2216,1,CASA BD EL GUERNAOUI
1477,2217,1,TAROUDANNT
1478,2218,1,CASA BOULEVARD MOHAMED VI
1479,2228,1,CASA DERB SIDNA
1480,2234,1,CASA EL HOUDA
1481,2235,1,SIDI MAAROUF
1482,2250,1,MOHAMMADIA EL ALIA
1483,2251,1,CASA ROCHES NOIRES
1484,2252,1,MEDIOUNA
1485,2253,1,CASA SIDI BERNOUSSI
1486,2254,1,HAD SOUALEM
1487,2255,1,DAR BOUAZZA
1488,2256,1,DRISS EL HARTI
1489,2257,1,CASA SIDI EL KHADIR
1490,2258,1,CASABLANCA GHANDI
1491,2296,1,BENSLIMANE FATH
1492,2310,1,FES DOKKARAT
1493,2311,1,KENITRA KHABBAZATE
1494,2312,1,BEJJAAD 11 JANVIER
1495,2313,1,FES FADILA
1496,2314,1,FES FEKHARINE
1497,2315,1,BEJJAAD PPAL
1498,2319,1,FES HAY TAREK
1499,2320,1,BEN AHMED
1500,2322,1,FES JDID
1501,2323,1,BENI MELLAL AIN ASSERDOUNE
1502,2324,1,FES JNANATE
1503,2325,1,MARRAKECH DOUAR IZIKI
1504,2326,1,BENI MELLAL HAY MOHAMMADI
1505,1964,1,S I O F
1506,1965,1,LE SAFRE (SODERS)
1507,1966,1,ARBORD OULMES
1508,1967,1,AGRIN MAROC
1509,1968,1,SEL DE MOHAMMEDIA
1510,1969,1,DARI COUSPATE
1511,1970,1,CAPREL
1512,1971,1,ADM (Archer Daniels Midland Company)
1513,1972,1,SOCIETE MAROCAINE DES TABACS
1514,1973,1,S.B.I.M
1515,1974,1,SETEXAM
1516,1975,1,FACONE
1517,1976,1,MARGAFRIQUE
1518,1977,1,MOROCCAN FOOD PROCESSING
1519,1978,1,CARTIER SAADA
1520,1979,1,BIOPUR SARL
1521,1980,1,NOUVELLE STE AMADIR
1522,1981,1,MY BIO SARL
1523,1982,1,TAJINI
1524,1983,1,KOOL FOOD
1525,1984,1,LES CONFINS DU MAROC
1526,1985,1,MAGHREB INDUSTRIES
1527,1986,1,STE BIOADORATES
1528,1987,1,NUTRILAIR
1529,1988,1,LA FERME ROUGE
1530,1989,1,AGRIQ Maroc
1531,1990,1,AGQ MAROC
1532,1991,1,AGRO FOOD INDUSTRIE
1533,1992,1,DALIA CORP(MATAHINE ALHAMDE)
1534,1993,1,ZINEGLOB SARL
1535,1994,1,DOMEXPORT S.A 
1536,1995,1,FORTRADE
1537,1996,1,NADA FRUIT
1538,1997,1,FABRICATION DE JUS AU MAROC
1539,1998,1,HERB INN
1540,1999,1,NUTRICIA
1541,2000,1,SICOPA
1542,2001,1,STERIFOOD
1543,2002,1,QUALILAB INTERNATIONAL
1544,2003,1,FARMACOLOR
1545,2004,1,LES EAUX MINERALES D'OULMES
1546,2005,1,LES HUILES D'ESSAOUIRA
1547,2006,1,ATEQCO
1548,2007,1,SANDERS NUTRITION ANIMALE MAROC
1549,2008,1,BANCHEREAU MAROC
1550,2009,1,CONSERVE NORA
1551,2010,1,ZINIALIFE
1552,2011,1,MAROCAINE DES THES ET INFUSIONS
1553,2012,1,STE ACHTAL SARL
1554,2013,1,ALL BIOTECHNOLOGIE
1555,2014,1,DISTRALIM
1556,2015,1,SAIDA MELLOUKI
1557,2016,1,DOMAINE SPIRULINE SARL
1558,2019,0,zidane rida
1559,2021,0,Client2 cl
1560,2030,1,Antigua
1561,2033,1,Chronopost Company
1562,2497,1,MARRAKECH ATLAS
1563,2498,1,TIGHESSALINE
1564,2499,1,MARRAKECH AZLI
1565,2598,1,NADOR OULAD MIMOUN
1566,2599,1,NADOR OULAD BOUTAYEB
1567,2600,1,NADOR
1568,2601,1,SOUK EL ARBAA DU GHARB
1569,2602,1,SOUK ARBAA DU GHARB HAY SALAM
1570,2603,1,OUJDA 18 MAI
1571,2611,1,TETOUAN SIDI TALHA
1572,2612,1,TEMARA HAY MAGHRIB AL ARABI
1573,2613,1,TEMARA MASSIRA
1574,2614,1,TETOUAN ZONE INDUSTRIELLE
1575,2615,1,TEMARA MOULAY ALI CHERIF
1576,2620,1,TETOUAN PPAL
1577,2621,1,TIDDAS
1578,2629,1,ASILAH
1579,2630,1,TANGER VAL FLEURI
1580,2654,1,kenitra el bouchita
1581,2655,1,KENITRA HAOUZIA
1582,2661,1,MELLOUSSA
1583,2662,1,TANGER DRADEB
1584,2667,1,TANGER AL IRFANE 
1585,2674,1,RABAT AL MASSIRA
1586,2675,1,SIDI ALLA EL BAHRAOUI
1587,2676,1,SALE TABRIQUET
1588,2684,1,RABAT OCEAN
1589,2685,1,KENITRA TAYBIA
1590,2686,1,RABAT RP
1591,2687,1,SALE KARIAT OULAD MOUSSA
1592,2688,1,RABAT RYAD
1593,2689,1,SALE HSSAINE
1594,2690,1,SALE HAY KARIMA
1595,2718,1,RABAT HAY EL KHAIR
1596,2725,1,RABAT CHELLAH
1597,2726,1,RABAT DIOUR JEMAA
1598,2462,1,TNINE BOUCHANE
1599,2476,1,ESSAOUIRA GARE ROUTIERE
1600,2477,1,AIN DORIJ
1601,2478,1,ESSAOUIRA PPAL
1602,2479,1,ESSAOUIRA SCALA
1603,2500,1,JORF EL MELHA
1604,2586,1,OULMES
1605,2587,1,NADOR LAARI CHEIKH
1606,2588,1,RICH
1607,2589,1,SEGANGAN
1608,2616,1,TETOUAN TOUABEL
1609,2617,1,RABAT AGDAL
1610,2624,1,TETOUAN MHANECH
1611,2625,1,TIFLET PPAL
1612,2626,1,ARBAOUA
1613,2627,1,TEROUAL
1614,2638,1,TANGER MESNANA
1615,2644,1,TANGER DRISSIA
1616,2647,1,RABAT AL-INBIAT
1617,2648,1,ZAIO
1618,2649,1,AIN AOUDA
1619,2652,1,KENITRA AL MENEZA
1620,2653,1,KENITRA ANCIENNNE
1621,2656,1,SKHIRAT
1622,2657,1,SIDI YAHYA DU GHARB
1623,2719,1,RABAT GUICH OUDAYA
1624,2720,1,RABAT AKKARI
1625,2721,1,RABAT GARE
1626,2722,1,RABAT ENNAHDA
1627,2723,1,RABAT ANNAKHIL
1628,2724,1,RABAT EL MENZEH
1629,2798,1,"Postal administration, Afghanistan"
1630,2800,1,"Posta Shiqiptare, sh.a. Albania"
1631,2799,1,Anguilla Postal Services
1632,2801,1,Soci�t� anonyme Haypost Armenia
1633,2802,1,EMPRESA NACIONAL DE CORREIOS ANGOLA
1634,2803,1,EMS_ARGENTINO
1635,2804,1,�sterreichische Post AG
1636,2805,1,EMS_AUSTRALIA
1637,2806,1,Aruba Postal Services
1638,2807,1,Ass. Azerpocht (Azerbaijan)
1639,2808,1,BH Post
1640,2480,1,HAD DRAA
1641,2481,1,IMI N TANOUNTE
1642,2482,1,FES AL ADARISSA
1643,2483,1,MARRAKECH AL FADL
1644,2488,1,FES AL QODS
1645,2489,1,KHEMISSET AZHAR
1646,2490,1,MARRAKECH AMERCHICH
1647,2491,1,GOULMIMA
1648,2618,1,TEMARA PPAL
1649,2619,1,TETOUAN TABOULA
1650,2622,1,TETOUAN MY EL HASSAN
1651,2623,1,TIFLET MEDINA
1652,2660,1,MDIQ
1653,2669,1,SIDI YAHYA DE ZAER
1654,2670,1,SIDI SLIMANE
1655,2671,1,KENITRA KHABBAZATE
1656,2672,1,RABAT EL KAMRA
1657,2673,1,SIDI ALLAL TAZI
1658,2677,1,SALE SIDI MOUSSA
1659,2678,1,KENITRA OULAD OUJIH
1660,2679,1,RABAT MECHOUAR
1661,2680,1,SALE MEDINA
1662,2681,1,KENITRA SAKNIA
1663,2682,1,RABAT NATIONS UNIES
1664,2691,1,RABAT SOUISSI
1665,2692,1,SALE HAY AL AMAL
1666,2693,1,SALE EL MOHAMMADI
1667,2694,1,RABAT TECHNOPOLIS
1668,2695,1,SALE BETTANA
1669,2696,1,RABAT TOUR HASSAN
1670,2809,1,Barbados Postal Service
1671,2830,1,Empresa Correos de Chile
1672,2831,1,"Direction des postes, Cameroon"
1673,2832,1,EMS_CHINA
1674,2833,1,"Servicios Postales Nacionales, CO"
1675,2834,1,CORREOS DE COSTA RICA S.A
1676,2835,1,Empresa de Correos de Cuba
1677,2836,1,CYPRUS POST
1678,2837,1,CZECH POST
1679,2838,1,Deutsche Post AG
1680,2839,1,Office des postes et t�l�. Djibouti
1681,2840,1,Post Danmark A/S
1682,2485,1,FES AIN KADOUS
1683,2486,1,MARRAKECH ALLAL EL FASSI
1684,2487,1,FIGUIG
1685,2492,1,FES AL WIFAK
1686,2493,1,MARRAKECH ANNAKHIL
1687,2494,1,IFRANE
1688,2495,1,KHEMISSET PPAL
1689,2496,1,FES ATLAS
1690,2604,1,TEMARA AL WIFAK
1691,2605,1,OUJDA BADR
1692,2606,1,OUJDA EL AMAL
1693,2607,1,TEMARA AL FAOUARATE
1694,2608,1,TEMARA FATH EL KHEIR
1695,2609,1,TEMARA HARHOURA
1696,2639,1,TAOURIRT
1697,2640,1,KSAR SGHIR
1698,2641,1,TANGER  EL OUAFAE 
1699,2642,1,TENDRARA
1700,2754,1,RABAT CITE YOUSSOUFIA
1701,2841,1,"General Post Office, Dominica"
1702,2843,1,"Direction des postes, Alg�rie"
1703,2842,1,Instituto Postal Dominicano
1704,2844,1,Unidad Postal Del Ecuador
1705,2845,1,Estonian Post
1706,2846,1,Organisme national des postes Egypt
1707,2847,1,Eritrean Postal Service
1708,2848,1,Correos y Tel�grafos Espagne
1709,2785,1,RABAT DAR EL HADITH
1710,2786,1,RABAT YACOUB EL MANSOUR
1711,2849,1,Ethiopian Postal Service
1712,2850,1,FINLAND POST INC
1713,2851,1,POST FIJI LTD
1714,2852,1,"LA POSTE, France"
1715,2853,1,GABON POSTE
1716,2854,1,Royal Mail Great Britain
1717,2855,1,GRENADA POSTAL CORPORATION
1718,2856,1,Georgian Post
1719,2857,1,EMS_GHANA
1720,2858,1,Gibraltar Post
1721,2859,1,GAMBIA POSTAL SERVICES DEPARTMENT
1722,2860,1,Guin�e �quatorial Correos y Telecom
1723,2501,1,TINEJDAD
1724,2502,1,MARRAKECH BAB KHEMIS
1725,2503,1,KHENICHET
1726,2504,1,TINERHIR
1727,2505,1,MARRAKECH BAB RHMATE
1728,2508,1,MARRAKECH DIOUR ECHCHOUHADA
1729,2509,1,KHENIFRA AMALOU IGHRIBEN
1730,2510,1,ZAIDA
1731,2511,1,SEFROU
1732,2512,1,KHENIFRA OUED ED-DAHAB
1733,2513,1,MARRAKECH AL FADL
1734,2514,1,ZAOUIA ECHCHEIKH
1735,2515,1,KHENIFRA PPAL
1736,2518,1,MEKNES BASSATINE
1737,2520,1,OUJDA EL AOUNIA
1738,2521,1,LALLA MIMOUNA
1739,2522,1,MEKNES BENI MHAMED
1740,2523,1,MEKNES BORJ MY OMAR
1741,2524,1,AHFIR
1742,2525,1,OUJDA ERRIAD
1743,2526,1,AIN BENI MATHAR
1744,2527,1,OUJDA ESSAADA
1745,2528,1,OUJDA HABOUS
1746,2529,1,AL HOCEIMA PPAL
1747,2548,1,BERKANE BOUHDILA 
1748,2549,1,MEKNES MEDINA
1749,2550,1,OUJDA PPAL
1750,2551,1,MEKNES OUJEH AROUS
1751,2552,1,BERKANE EL OUIDADIYA
1752,2554,1,MECHRA BEL KSIRI
1753,2556,1,MEKNES PRINCIPAL
1754,2559,1,OUJDA QUARTIER INDUSTRIEL
1755,2560,1,BERKANE PPAL
1756,2562,1,OUJDA SAMARA
1757,2563,1,DAR KEBDANI
1758,2564,1,MEKNES ZITOUN
1759,2565,1,OUJDA TAKADOUM
1760,2566,1,DRIOUCH
1761,2567,1,MERZOUGA
1762,2568,1,OUJDA UNIVERSITÉ
1763,2569,1,MIDELT
1764,2581,1,MIDAR
1765,2582,1,MEHDIYA
1766,2459,1,ERRACHIDIA PPAL
1767,2461,1,DEMNATE
1768,2469,1,EL KELAA MGOUNA
1769,2484,1,FES AGDAL
1770,2583,1,SAIDIA MARINA
1771,2584,1,MONTE ARRUI
1772,2590,1,RISSANI
1773,2591,1,SELOUANE
1774,2592,1,SEBAA AIOUN
1775,2593,1,TAFERSSIT
1776,2594,1,MOULAY BOUSELHAM
1777,2595,1,SIDI KACEM
1778,2596,1,SIDI KACEM EZZAOUIA
1779,2659,1,MARTIL
1780,2658,1,LARACHE AL OUAFA
1781,2663,1,TANGER BIR CHIFAE
1782,2664,1,OUEZZANE
1783,2665,1,TANGER AL MAJD
1784,2666,1,OUEZZANE RMEL
1785,2668,1,TANGER 20 AOUT
1786,2683,1,SALE LAYAYDA
1787,2812,1,"Soci�t� nationale, postes Burkina"
1788,2810,1,EMS_Bangladesh
1789,2811,1,LA POSTE - DE POST BELGIUM
1790,2813,1,Entreprise Les Postes bulgares SA
1791,2814,1,Bahrain Post
1792,2815,1,"R�gie nationale des postes, Burundi"
1793,2816,1,Office des postes et t�l�com. Benin
1794,2817,1,Bermuda Post Office
1795,2818,1,"Brunei Darussalam, Postal Services"
1796,2819,1,EMS_BRAZIL
1797,2820,1,Bahamas Post
1798,2821,1,Bhutan Post
1799,2822,1,Botswana Postal Services
1800,2823,1,"EUR BELPOCHTA, Belarus"
1801,2824,1,Belize Postal Service
1802,2825,1,EMS_CANADA
1803,2826,1,"OCPT, R�p d�m du Congo"
1804,2827,1,Office NAT. des Postes Centrafrique
1805,2828,1,Office Nat. des Postes du Congo R�p
1806,2829,1,EMS_SWITZERLAND
1807,2463,1,YOUSSOUFIA
1808,2464,1,YOUSSOUFIA AL QODS
1809,2465,1,EL KELAA DES SRARHNA EL QODS
1810,2466,1,EL KELAA DES SRARHNA PPAL
1811,2467,1,AIN CHEGGAG
1812,2468,1,EL KELAA DES SRARHNA VILLE
1813,2506,1,MARRAKECH BEFRA
1814,2507,1,TOULAL
1815,2530,1,OUJDA ISLY
1816,2531,1,MEKNES AL MANSOUR
1817,2532,1,MAAZIZ
1818,2533,1,AL HOCEIMA SIDI ABID
1819,2534,1,OUJDA JAWHARA
1820,2535,1,MEKNES EL WIFAK
1821,2536,1,BEN TIB
1822,2537,1,OUJDA LAMHARCHI
1823,2538,1,MEKNES HAY ECHOUHADA
1824,2539,1,OUJDA LAZARET
1825,2540,1,BENI DRAR
1826,2541,1,MEKNES HAY TAKADOUM
1827,2542,1,OUJDA LES IRIS
1828,2543,1,OUJDA MIR ALI
1829,2544,1,BENI ENZAR
1830,2545,1,MEKNES KORTOBA
1831,2546,1,OUJDA NAHDA
1832,2547,1,OUJDA O. ENNACHEF
1833,2571,1,EL AIOUNE
1834,2572,1,SAIDIA
1835,2574,1,MOULAY IDRISS
1836,2575,1,HASSI BLAL
1837,2576,1,MRIRT
1838,2577,1,JERADA
1839,2578,1,OUISLANE
1840,2631,1,CHEFCHAOUEN
1841,2632,1,TANGER SOUANI
1842,2633,1,TANGER PPAL
1843,2634,1,GZENAYA
1844,2635,1,KSAR EL KEBIR HAY ESSALAM
1845,2636,1,TANGER MSALLAH
1846,2637,1,KSAR EL KEBIR PPAL
1847,2643,1,LARACHE PPAL
1848,2650,1,BOUKNADEL
1849,2651,1,BOUZNIKA
1850,2971,1,AGENCE CHRONOPOST MARRAKECH
1851,2972,1,AGENCE CHRONOPOST FES
1852,2973,1,AGENCE CHRONOPOST RABAT
1853,2974,1,CI-CIMA
1854,2983,1,OLIVIANA
1855,3041,1,DIMENSION DATA
1856,3046,1,LABYRINTHE DU SUD 
1857,3047,1,PEAU D ANE 
1858,3048,1,LES CONSERVES DE MEKNES 
1859,3066,1,SOUNIFAC
1860,3071,1,ITISSALAT AL MAGHRIB 
1861,3075,1,MP PARTS  
1862,3076,1,DETROIT INDUSTRIES
1863,3081,1,DAR EL KASBAH 
1864,3091,1,FOUR SEASONS 
1865,3096,1,KS CALL
1866,3100,1,SOMADIR 
1867,3112,1,MACHTI ABDELLATIF 
1868,3113,1,BAYER SA
1869,3114,1,ECUTRANS 
1870,3115,1,POLYVENT LAMEL MAROC 
1871,3120,1,MINISTERE DE L'AGRICULTURE
1872,3122,1,INFOSAMAK
1873,3126,1,MENIPEX
1874,3127,1,DHL LODHL LOGISTICS MOROCCO 
1875,3128,1,PALMERAIRE MARRAKECH
1876,3138,1,L'ART DE GOULIMINE 
1877,3139,1,ANITAN SARL
1878,3140,1,LIXUS INDUSTRIE  
1879,3141,1,TELECTRON
1880,3142,1,LADIS 
1881,3153,1,ARTISANAL MARBRE 
1882,3155,1,HOFRECO
1883,3160,1,TECREN
1884,3170,1,NAZIH CONFECTION
1885,3171,1,OMNIDATA
1886,3185,1,DESTOCK CONCEPT 
1887,3186,1,LABORATOIRE LCA 
1888,3187,1,MIX HERB
1889,3194,1,MOROCCO BOLLFT DEVELOPEMENT
1890,3207,1,ERUM MAROC 
1891,3208,1,MAZONE GROUP 
1892,3211,1,TERBER 
1893,3212,1,MOROCCO BY PRIOR
1894,3221,1,INVOLYS
1895,3255,1,GECOTEX
1896,3264,1,GEMALTO  
1897,3265,1,AZMI FRERES 
1898,3272,1,WIAME IMPORT EXPORT 
1899,3273,1,SAPST 
1900,3274,1,SAPST
1901,3278,1,OPTIQUE DESBOIS 
1902,3280,1,ASSOCIATION AMANE 
1903,3294,1,MORABITEX
1904,3298,1,STE INTERNATIONALE DE DESIGN INDUSTRIEL 
1905,3302,1,SOURCE CHIMIQUES
1906,3304,1,COATS MAROC
1907,3305,1,AVM CHIM
1908,3308,1,EL JOUAHARI YOUNESS
1909,3309,1,BIO TISSIR
1910,3324,1,IFRIQUIA PLASTIC
1911,3325,1,IMALUM
1912,3326,1,AMBASSADE DE COTE D'IVOIRE
1913,3327,1,GO CANADA
1914,3328,1,ZAHI CLLASS
1915,3329,1,CANON
1916,3330,1,FONDERIES ET ACIERIES DU MAROC
1917,3332,1,VELOURS BENCHRIF
1918,3333,1,ORIENTAL GROUP
1919,3334,1,TECHNOLOGIA
1920,3335,1,VALMONT 
1921,3336,1,EUROPCAR MARLOC
1922,3339,1,STE CAPITAL EVENTS
1923,3340,1,COOPERATIVE ARTISANAL
1924,3341,1,KECH ATELIER
1925,3342,1,BAG FILTER
1926,3346,1,L'ART MAROCAIN
1927,3349,1,AC NIELSEN
1928,3350,1,LINGERIE ACCESSORIES MOROCCO
1929,3351,1,EXCELSA TECHNIQUE COMPOSITES
1930,3352,1,SOMACOC
1931,3353,1,VIP JET
1932,3354,1,MCI SANTE ANIMALE
1933,3355,1,MERY LINE
1934,3356,1,SERIOMAR
1935,3367,1,TAOUFIK BENNIS
1936,3368,1,CAFTAN ZMANI
1937,2861,1,HELLENIC POST (ELTA)
1938,2862,1,"Post Office Corporation, Guyana"
1939,2863,1,EMS_HONG KONG
1940,2864,1,HP-Croatian Post Inc
1941,2865,1,HUNGARIAN POST
1942,2866,1,EMS_INDONESIA
1943,2867,1,AN POST (Ireland)
1944,2868,1,Israel Postal Company
1945,2869,1,EMS_INDIA
1946,2870,1,EMS_IRAQ
1947,2871,1,"Post Company, Islamic Rep of Iran"
1948,2872,1,Iceland Post
1949,2873,1,"POSTE ITALIANE, S.p.A."
1950,2874,1,Postal Corporation of Jamaica Ltd
1951,2875,1,EMS_JORDAN
1952,2876,1,EMS_JAPAN
1953,2877,1,POSTAL CORPORATION OF KENYA
1954,2878,1,D�partement d'Etat Kirghiz Postacy
1955,2879,1,"Direction des postes, Cambodia"
1956,2880,1,"Postal Division, Kiribati"
1957,2881,1,SNPT Comoros
1958,2882,1,EMS_KOREA REP
1959,2883,1,Department of Postal Affairs Kuwait
1960,2884,1,Cayman Islands Post Office
1961,2885,1,ENTREPRISE DES POSTES LAO
1962,2886,1,Libanpost
1963,2887,1,Saint Lucia General Post Office
1964,2888,1,EMS_SRI LANKA
1965,2889,1,Ministry of Posts Liberia
1966,2890,1,Lesotho Postal Services
1967,2891,1,LIETUVOS PASTAS
1968,2892,1,POSTES AND TELECOM Luxembourg
1969,2893,1,Latvia Post
1970,2894,1,Libya Post Company
1971,2895,1,Entreprise d'Etat Posta Moldovei
1972,2896,1,MONTENEGRO POST
1973,2897,1,"PAOSITRA MALAGASY, Madagascar"
1974,2898,1,MAKEDONSKA POSTA
1975,2899,1,Office national des postes du Mali
1976,2900,1,Myanmar Posts and Telecomm Dept
1977,2901,1,Mongol Post Company
1978,2902,1,Correios de Macau
1979,2903,1,Mauritania Posts Corp
1980,2904,1,MALTAPOST plc
1981,2905,1,EMS_MAURITIUS
1982,2906,1,EMS_MALDIVES
1983,2907,1,Malawi Posts Corporation
1984,2908,1,Servico Postal Mexicano
1985,2909,1,EMS_MALAYSIA
1986,2910,1,Corre Correio Expresso de Mo�ambique
1987,2911,1,Namibia Post Ltd
1988,2912,1,NIGER POSTE
1989,2913,1,NIGERIAN POSTAL SERVICE
1990,2914,1,Empresa Correos de Nicaragua
1991,2915,1,PostNL
1992,2916,1,NORWAY POST LTD
1993,2917,1,EMS_NEW ZEALAND
1994,2918,1,Correos y Tel�grafos Panama
1995,2919,1,"SERPOST S.A., Peru"
1996,2920,1,"Post PNG Ltd, Papua New Guinea"
1997,2921,1,PHILIPPINE POSTAL CORPORATION
1998,2922,1,EMS_PAKISTAN
1999,2923,1,The Polish Post
2000,2924,1,CTT CORREIOS DE PORTUGAL
2001,2925,1,Direcci�n de Correos Paraguay
2002,2926,1,"Corp. g�n�rale des postes, Qatar"
2003,2927,1,Compania Nationala Posta Romana SA
2004,2928,1,Public Enterprise of PTT Serbia
2005,2929,1,Poste de la Russie
2006,2930,1,"Office national des postes, Rwanda"
2007,2931,1,Saudi Post
2008,2932,1,Solomon Islands Postal Corporation
2009,2933,1,"Postal Services Division, Seychelles"
2010,2934,1,Posts and Telegraphs Sudan
2011,2935,1,Posten AB
2012,2936,1,EMS_SINGAPOUR
2013,2937,1,"Posta Slovenije, d.o.o."
2014,2938,1,La Poste slovaque
2015,2939,1,"SierraLeone PostalServices, SALPOST"
2016,2940,1,La Poste Senegal
2017,2941,1,Correos El Salavador
2018,2942,1,Postal Services St. Maarten NV
2019,2943,1,"Syrie, Etbl. g�n�ral des postes"
2020,2944,1,"STPE, Tchad"
2021,2945,1,Soci�t� des postes du Togo
2022,2946,1,EMS_THAILAND
2023,2947,1,La Poste Tunisienne
2024,2948,1,Tonga Post
2025,2949,1,"Direction g�n�rale des PTT, Turquie"
2026,2950,1,TRINIDAD-TOBAGO POSTAL CORPORATION
2027,2951,1,Tanzania Postal Corporation
2028,2952,1,State Enterprise of Special Post UA
2029,2953,1,Uganda Post Limited
2030,2954,1,EMS_UNITED STATES OF AMERICA
2031,2955,1,ANC Correo Uruguayo Uruguay
2032,2956,1,Uzbekiston Pochtasi
2033,2957,1,PostalDept StVincent and Grenadines
2034,2958,1,Instituto PT de Venezuela IPOSTEL
2035,2959,1,EMS_VIETNAM
2036,2960,1,Vanuatu Post Limited
2037,2961,1,Samoa Post
2038,2962,1,YEMEN POST & POSTAL SAVINGS CORP
2039,2963,1,EMS_SOUTH AFRICA
2040,2964,1,Zambia Postal Services Corporation
2041,2965,1,Zimbabwe Posts Pvt. Ltd.
2042,2968,1,AGENCE CHRONOPOST CASA
2043,2969,1,AGENCE CHRONOPOST MAARIF
2044,3044,1,MATASA
2045,3045,1,SOCEC
2046,3055,1,BLANCATEX 
2047,3057,1,YAZAKI MOROCCO MEKNES SA (YMM SA)
2048,3079,1,SAFILUM 
2049,3098,1,APPEL TRANS 
2050,3103,1,ASSOCIATION RABAT 2013
2051,3130,1,COMPLEXE INTEGRE DE CONFECTION
2052,3131,1,PROMAT INDUSTRIEL 
2053,3132,1,STE SOPEX HERB
2054,3134,1,INFAG 
2055,3163,1,MAYMANA
2056,3184,1,LOCK SAFE SYSTEM
2057,2970,1,AGENCE CHRONOPOST TANGER
2058,2981,0,TEST alfa ok ok
2059,2985,1,PRETTY LINGE
2060,3065,1,AXA ASSURANCE MAROC
2061,3078,1,BIORESINE INTERNATIONALE
2062,3080,1,FIGRAMA 
2063,3083,1,BISCAF 
2064,3086,1,FILET NOVA
2065,3104,1,ASSOCIATION RABAT 2013 
2066,3108,1,MEDICABLE 
2067,3109,1,OLKA 
2068,3116,1,CMGP 
2069,3117,1,SOCAMAR 
2070,3123,1,CONSERVERIE DE L'ATLAS
2071,3125,1,SOUK WEAR 
2072,3133,1,STE LM FASHION
2073,3135,1,DICEP (IEA)
2074,3136,1,FIRST LINE CONFECTION 
2075,3159,1,MULTICOLLES-MULTIPROBAT 
2076,3162,1,GROUPE DDL
2077,3164,1,FUJIKURA AUTOMOTIVE MOROCCO TANGER
2078,3165,1,MAROC NEGOCE
2079,3166,1,GAB'S DIFFUSION
2080,3168,1,FMJ TECHNOLOGY
2081,3169,1,GOLDEN CHINA
2082,3176,1,KECH ATELIER 
2083,3177,1,LOCK SAFE SYSTEM 
2084,3179,1,NP MOROCCO
2085,3180,1,KAMINE FIL 
2086,3190,1,VALTRONIC TECHNOLOGIES 
2087,3192,1,KAMINE FIL
2088,3193,1,GREIF FLEXIBLES MOROCCO 
2089,3195,1,ACTRONIC 
2090,3196,1,THE FLYING CAMEL 
2091,3197,1,ULILI
2092,3202,1,STARCOTEX 
2093,3203,1,NUMELEC MAROC
2094,3204,1,HEALTH CARE INSTITUTE 
2095,3205,1,ROMANI  
2096,3206,1,PRETTY SHOES 
2097,3213,1,NERMINIA  
2098,3222,1,ROOTSANA NATURAL PRODUCTS
2099,3223,1,JOSE WELL INTERNATIONAL 
2100,3224,1,TEXTILE HARMONY 
2101,2980,1,TEST Beta
2102,2982,0,test alfa ok
2103,3058,1,UNION MAROCAINE D'ASSISTANCE 
2104,3062,1,AGRO ANALYSES MAROC
2105,3064,1,MEDI INVEST GROUP
2106,3069,1,VOLVO MAROC
2107,3077,1,DRESSING DE STELLA 
2108,3082,1,ARABITAL 
2109,3084,1,ministre de la finance et de la privatisation 
2110,3085,1,MICROCHOIX MAROC 
2111,3089,1,ART CONNECT 
2112,3095,1,ANFAJET
2113,3097,1,BPURCHANIN  
2114,3099,1,C.Q.F.T 
2115,3105,1,SICAL
2116,3106,1,MEDICABLE
2117,3107,1,L'ANAPEC
2118,3110,1,CODEXPRO
2119,3111,1,TECSYS
2120,3118,1,SOMAFACO
2121,3119,1,HERBO 
2122,3121,1,MARCOTEX 
2123,3124,1,PERFORMAT
2124,3129,1,QUALITRANS 
2125,3137,1,INTER OIL 
2126,3161,1,TRAREM
2127,3167,1,ANNIC ROBIN CREATION
2128,3172,1,NOVAERUM  
2129,3173,1,VESMASUR 
2130,3174,1,COCHAZUR
2131,3175,1,TERMINAL 24
2132,3178,1,ST-TIC WEB
2133,3181,1,ULILI 
2134,3182,1,PWL MOROCCO LTD 
2135,3183,1,AOCM
2136,3188,1,PROTRAD 
2137,3189,1,TECNAPLITEX MAROC CONFECTION
2138,3191,1,ANALCO 
2139,3225,1,LAAGRIMA
2140,3226,1,COMEDCOM 
2141,3227,1,STOURIKA
2142,3228,1,LYLY GLAM 
2143,3229,1,ADO BARITE MOROCCO
2144,3230,1,ALPHANUM 
2145,3231,1,MRAH EQUIPEMENTS 
2146,3232,1,INGEMAIN
2147,2975,1,Yurtıcıkargo
2148,2979,1,Yurticikargo AŞ
2149,3236,1,ATALIAN FM
2150,3237,1,TRIMERA 
2151,3240,1,MEDICAL LINE
2152,3242,1,JUNICY SARL 
2153,3244,1,INTERNATIONAL EDUCATION WINDOW 
2154,3245,1,INTEGRANET
2155,3246,1,LABORATOIRE ADDAX
2156,3247,1,SAFA FAIR TRADE
2157,3251,1,IPROMA
2158,3252,1,COMARBOIS SA 
2159,3253,1,ELEC RECYCLAGE GROUPE MAROC 
2160,3256,1,RIAD MOTORS HOLDING 
2161,3258,1,INDUMATEX
2162,3259,1,LA QOUBBA GALERIE
2163,3262,1,GUIGA IMPORT
2164,3266,1,ATLASNA 
2165,3267,1,ALVILEX 
2166,3268,1,FEMIELLA 
2167,3269,1,EBBO MAROC
2168,3270,1,MAKITA AFRICA
2169,3271,1,XL PACT TANGER
2170,3275,1,A TRANS
2171,3276,1,INDOKA 
2172,3277,1,MILAGRO 
2173,3279,1,SALIDOR 
2174,3282,1,CALLIOPE
2175,3283,1,AVAL
2176,3284,1,BROYCHIM 
2177,3285,0,chakir Mohammed
2178,3286,0,Chakir Mohammed
2179,3287,1,OFFICE NATIONALE MAROCAINE DE TOURISME
2180,3289,1,ARINCO SARL
2181,3290,1,EMAI
2182,3291,1,LIA-TECH MAROC
2183,3292,1,SCAL AVIS
2184,3293,1,SDCC
2185,3295,1,STE IMPERIAL DES THES ET INFUSIONS
2186,3296,1,ESSAKHI HAJJOUB
2187,3297,1,SUNMAROCCO.COM LTD
2188,3303,1,SOFEM MAROC
2189,3306,1,MED GLASS INDUSTRY
2190,3322,1,UCFA TISSALIWINE
2191,3323,1,CROWN PACKAGING
2192,3384,1,SOCOPIM
2193,3387,1,SRM
2194,3389,1,JAKANI CUIR
2195,3390,1,BANAWI EVERGREEN PACKAGING AFRICA
2196,3395,1,INTELLEGO
2197,3521,1,COSMOTERRE
2198,3525,1,MANTECA
2199,3536,1,ASSET MANAGEMENT
2200,3537,1,Sefodis
2201,3548,1,LOHMANN & RAUSCHER
2202,3549,1,LUSEO
2203,3567,1,BIO & ECO SOLUTIONS
2204,3568,1,Qualistar Instrument
2205,3573,1,GLOBAL ZEN CARGO TRADE
2206,3629,1,POLYMEDIS
2207,3645,1,UNI CONFORT MAROC DOLIDOL
2208,3646,1,Mohammed rochd
2209,3647,1,BABK
2210,3648,1,HP MAROC
2211,3649,1,TARGET TRADING
2212,3650,1,M2M GROUP 
2213,3651,1,SARPDOIL TRADING
2214,3652,1,LES SELLERIE DE RABAT
2215,3653,1,SEEDCORE
2216,3654,1,PRESTIGE SHOES
2217,3655,1,SPIRIT DESIGN
2218,3656,1,NABILUM
2219,3657,1,JAIDA
2220,3658,1,SENDCHEAP
2221,3659,1,MONITOR DELOITTE MAROC
2222,3660,1,CATHAY ATLANTIC
2223,3662,1,HYDRO VERIN
2224,3663,1,ENNASR ASCENSEURS
2225,3370,1,LEAR CORPORATION ZONE FRANCHE
2226,3392,1,HADIYATI
2227,3393,1,SANDRINE
2228,3399,1,BELLE MAROQUINERIE
2229,3414,1,INGETEL
2230,3435,1,FONEX ALUMINIUM
2231,3436,1,FREE BUSINESS CLASSE
2232,3477,1,FEDERAL MOGUL SYSTEMS
2233,3492,1,DATA SYSTEMS INFORMATIQUE
2234,3493,1,A & M FRET
2235,3494,1,BENSSAGIA TRANS
2236,3523,1,D POP
2237,3528,1,ABRAFORME
2238,3529,1,GRIMEX
2239,3539,1,Chronopost Burkina-Faso 
2240,3578,1,FONDATION CDG
2241,3580,1,LUX LIGHTING
2242,3584,1,GRANDS TRAVAUX ROUTIERS
2243,3587,1,SOREMEL
2244,3597,1,Techni-lux
2245,3600,1,CABLAGE INOV
2246,3601,1,COMEFAMA
2247,3610,1,QUALISTAR INSTRUMENTS
2248,3617,1,RISETEX
2249,3622,1,Aicha MENSSOUR
2250,3623,1,SNARDIS
2251,3634,1,BOYS LOGISTIC
2252,3636,1,CHIMIPLEX
2253,3369,1,AKARIAG
2254,3377,1,MONVIMAN CORPORATION -MC-
2255,3382,1,MANAR STAR TRADING
2256,3430,1,MED SANTE
2257,3444,1,COLORADO
2258,3531,1,PRECIMA
2259,3533,1,IMEXTRANS
2260,3550,1,NEW WAY
2261,3574,1,CLICK BUREAU
2262,3575,1,SARMAGA
2263,3579,1,SOFAMEL
2264,3585,1,MAROC DIABETE PLUS
2265,3593,1,RAMBEI
2266,3594,1,MUSTANG
2267,3595,1,MAROC EXPORT
2268,3599,1,API DLCM
2269,3611,1,ADS ELECTRICITE
2270,3612,1,L'ELECTROCHIMIE AFRICAINE
2271,3627,1,ANDRO MEDICAL
2272,3628,1,WEGO
2273,3630,1,T.2.I.A
2274,3635,1,NAHID TEXTILE
2275,3642,1,OTHMANE CHERBI
2276,3644,1,SAB INTERNATIONAL
2277,3661,1,AXETUDES
2278,3664,1,COFAL
2279,3668,1,ASMAA TRANSIT
2280,3669,1,EL IDRISSI DAFALI
2281,3670,1,JAMAL CHETGOUNI
2282,3371,1,CHIMEXAL 
2283,3374,1,TISSAGE BENCHERIF MED ET FILS
2284,3375,1,MICHOC
2285,3391,1,BOMBASTIC
2286,3394,1,FASHION LEATHER
2287,3410,1,ALL LINES SHIPPING  
2288,3413,1,SOFIM
2289,3416,1,LABORATOIRE ACOFARMA
2290,3423,1,CLEMENCE SCE
2291,3462,1,EL HARIRI MENAGE
2292,3475,1,SODISTMA
2293,3518,1,BOUJA NEGOCE
2294,3519,1,MICE
2295,3520,1,LABEL D'ASSEMBLAGE ET DE PRODUCTION
2296,3522,1,SADDLE CHOICE
2297,3530,1,MEDILLOU
2298,3544,1,GULFSANDS PETROLEUM MOROCCO
2299,3546,1,COMPTOIR ARTISANAL
2300,3552,1,SOABIDIS
2301,3569,1,GOMAGUI
2302,3571,1,FLYING EAGLE
2303,3576,1,MORATEL
2304,3581,1,CROSSLOG
2305,3588,1,REAL PRINT
2306,3589,1,AKMS
2307,3590,1,SOCIETE SERVICE COMPTABLE ET FISCLAE
2308,3372,1,GAMMA RAD TECH
2309,3373,1,BEIERSDORF
2310,3376,1,AMBASSADE BURKINA FASSO
2311,3378,1,RESNOVA
2312,3379,1,GLASSRY
2313,3383,1,GALVACHIMIE
2314,3385,1,L.BERENGER
2315,3386,1,AFIT
2316,3388,1,TRANSFARO
2317,3411,1,ENSURE MAROC
2318,3429,1,SINFA
2319,3431,1,NEXANS MAROC
2320,3432,1,PERFECT INTELLIGENT CLOWTH
2321,3438,1,FIRST EPONGE
2322,3439,1,MIR FABRICATION DE CHAUSSURES
2323,3440,1,SALMA CUIR
2324,3592,1,BOURCHANIN 
2325,3598,1,SACOM
2326,3602,1,IFILI D'OR
2327,3603,1,AFE DISTRIBUTION
2328,3605,1,INEA
2329,3606,1,INCO SOLUTION
2330,3607,1,MED 10
2331,3608,1,MAZAYA GROUPE
2332,3613,1,NOUVELLE CONFECTION FIRDAOUS
2333,3618,1,LAFARGE HOLCIM MAROC
2334,3619,1,ARTISANT DU SUD
2335,3620,1,NAJEH RKIA
2336,3621,1,APTEC
2337,3415,1,ATTORAYA CONFECTION
2338,3420,1,Envoi Société CIMA
2339,3428,1,KILIMANJARO CONSEIL ET DISTRIBUTION
2340,3441,1,AMBASSADE DU DANEMARK
2341,3451,1,YAZAKI KENITRA
2342,3457,1, Fermoplast
2343,3461,1,PROCOP
2344,3464,1,APEF
2345,3465,1,TRANSPARTNERS
2346,3471,1,SKY MED
2347,3474,1,HAMMAM SECRETS
2348,3476,1,MTM CONFECTION
2349,3534,1,MIEUX ENTENDRE
2350,3547,1,RESIDENCES DAR SAADA
2351,3551,1,BOLLORE TRANSPORT ET LOGISTICS
2352,3565,1,DAR EL HAJ ALI BABA
2353,3586,1,CDG CAPITAL PRIVATE EQUITY
2354,3631,1,Myriam BOUAIDA
2355,3632,1,NABIL BELHAJ
2356,3421,1,ZODIAC AEROSPACE
2357,3433,1,JK SYSTEMS
2358,3434,1,DATA BUSINESS ET MARKETING
2359,3437,1,ATELIA 
2360,3442,1,AS PLANET
2361,3443,1,JIULY COF
2362,3458,1,FERMOPLAST
2363,3459,1,PROCOP
2364,3524,1,SB INGREDIENTS
2365,3526,1,CENTRE CULTUREL SAOUDIEN
2366,3527,1,CHAMBRE DES REPRESENTANTS DU MAROC
2367,3532,1,SCINS 
2368,3535,1,MIDI PEINTURE
2369,3538,1,SOCIETE TANGEROISE DES EQUIPEMENTS DE PROCESS 
2370,3543,1,CHEZ MONSIEUR MICHELIN
2371,3545,1,EL AMRI FATIMA
2372,3591,1,sigma diagnostic
2373,3596,1,AFRELEC
2374,3604,1,Fruit Of The Loom Textile 
2375,3609,1,GLOBAL FREIGHT LOGISTICS
2376,3614,1,SOUSS LUBRIFIANTES
2377,3625,1,CAFTAN EN LIGNE
2378,3626,1,CHABI CHIC 
2379,3633,1,PHOTOLIFE
2380,3643,1,OTHMANE KATFI
2381,3671,1,SAORI MIKI
2382,3677,1,HERNEG INTERNATIONAL
2383,3692,1,TECHNILUX 
2384,3694,1,TARAZA
2385,3695,1,CB LOGISTICS
2386,3699,1,MAROUANE HAJOUJI
2387,3700,1,OPHTALENS
2388,3701,1,SLS
2389,3706,1,OREO HOME
2390,3710,1,DROBEN ENERG
2391,3721,1,DOGA  FZ
2392,3730,1,AMB Espagne-Dpt de l´Emploi et des Affaires Sociales Département d'emploi
2393,3733,1,SIMON HOLDING MAROC
2394,3749,1,MASSARI YOUNESS
2395,3780,1,ARAMEX
2396,3782,1,BOOLY SERVICES
2397,3783,1,JNOUN STUDIO
2398,3784,1,TCE PARTNERS
2399,3787,1,HAYAT IDRISSI
2400,3788,1,MICRO HOUSE
2401,3790,1,STE HOMTEX
2402,3797,1,PATRICIA BANNER
2403,3798,1,KEAMO
2404,3808,1,EL GORCHE OMAR
2405,3809,1,TRANSWAVE
2406,3818,1,LES RESIDENCES DU SOLEIL
2407,3832,1,BTT
2408,3836,1,TOTAL MAROC
2409,3837,1,NATURELI 
2410,3838,1,KAPRIO
2411,3843,1,TIRSO
2412,3844,1,PONT AURELL YARMENGOL
2413,3845,1,AFRICAN MOVING 
2414,3858,1,STRATORG
2415,3859,1,DAR LAALAMIYA
2416,3860,1,TRANS 2
2417,3861,1,TREND STUDIO
2418,3867,1,ETS BENCHAIB
2419,3871,1,LIGHT SHIPPING LINES
2420,3874,1,DISTRY
2421,3785,1,CLE CONCEPT
2422,3802,1,METEC
2423,3821,1,ESPACE COSMETIC
2424,3822,1,LOOMATOS
2425,3826,1,DECTRONIC
2426,3830,1,ASSOCIATION DES FREIGHT FORWARDERS DU MAROC (AFFM)
2427,3842,1,BIGMENTS
2428,3893,1,CHRISTIAN DEBROUX
2429,3897,1,BEACHCOMBER HOTEL
2430,3898,1,CHOUAIRI MHAMED
2431,3910,1,RACHID BOUHIT
2432,3921,1,MINISTERE DE L'URBANISME ET DE L'AMENAGEMENT DU TERRITOIRE
2433,3925,1,GFI INFORMATIQUE MAROC
2434,3926,1,TECHNOBEL TECHNOLOGIES
2435,3927,1,ORSI  CONSEIL
2436,3928,1,EL EZZATEX
2437,3930,1,FATIHA ZAOUI
2438,3934,1,MONDELEZ MAROC
2439,3942,1,RODGERS
2440,3943,1,LES JARDINS DE L’OCEAN
2441,3948,1,COMPAGNIE CHERIFIENNE CHOCOLATRIE(AIGUEBELLE)
2442,3950,1,UNIVERSITE EURE-MEDITERANNENNE DE FES
2443,3953,1,KAZINOV
2444,3955,1,Filali Mohamed Amine
2445,3956,1,PETRA TECH
2446,3963,1,AI GROUPE
2447,3966,1,Fashion cardinal north afric
2448,3968,1,ACTIVELINE
2449,3982,1,REFRESH
2450,3983,1,BOURIAD KARIM
2451,3985,1,SGEE
2452,3678,1,N5C
2453,3682,1,ANOUAL OUAHID
2454,3691,1,NETWORKING PAYMENTS SYSTEMS
2455,3702,1,AZ TRANS
2456,3724,1,FT2A
2457,3727,1,BOUCHRA SAIDI
2458,3731,1,CBO
2459,3735,1,EUROMEDIC
2460,3741,1,LUCKY FASHION
2461,3743,1,IFS NEUTRAL MARITIME MAROC
2462,3744,1,CIETEC
2463,3745,1,MEDI EDITIONS
2464,3746,1,ARCMED
2465,3748,1,POLYFIL
2466,3750,1,SONOYA TRADE
2467,3794,1,BIOCODEX MAROC SARL
2468,3795,1,IDEXPHARME
2469,3814,1,ESPACE BIO NATURE
2470,3816,1,LISI AEROSPACE CREUZET MAROC
2471,3823,1,Chronopost International France
2472,3824,1,NADIA RAMZI
2473,3825,1,DAR AL ALAMIYA LIL KITAB
2474,3835,1,FONDATION MOHAMED V POUR LA SOLIDARITE
2475,3847,1,ALLIANCE SHIPPING
2476,3857,1,GERIS INDUSTRIE
2477,3862,1,GENERAL HOME
2478,3863,1,MASTER PROJECT LOGISTICS
2479,3864,1,TRANSPORT ET CONSEILS EN LOGISTIQUE
2480,3865,1,MEGAFIX
2481,3872,1,Export chronopost France
2482,3876,1,STE MAROCAINE DU COMMERCE INT ET EXT
2483,3901,1,CHRAIBI KAADOUD AHMED
2484,3792,1,MOUNIR'S
2485,3729,1,YASSINE BENDEQ
2486,3789,1,LE BUREAU MODERNE
2487,3791,1,ACTIF ECO
2488,3793,1,Ministère de la Réforme de l’Administration et de la Fonction Publique.
2489,3796,1,RAJAMED
2490,3804,1,OXYDE MAROC
2491,3807,1,VECTORYS
2492,3810,1,YOUNESS ALAOUI
2493,3811,1,ARGANOIL COMPANY 
2494,3812,1,SOREMA
2495,3815,1,STE EVERTEK
2496,3817,1,ANDY WAHLOU
2497,3833,1,OCP
2498,3834,1,SHOP MAGIC
2499,3846,1,OPTIQUE HDIDOU
2500,3849,1,NEOM
2501,3850,1,AHMED MOUBAREK
2502,3851,1,MOULAY ART
2503,3852,1,BENHAMOU ABD
2504,3892,1,EXPODENT
2505,3902,1,SOULAYMI NADIA
2506,3912,1,CITELUM MAGHREB
2507,3913,1,WAYSTOCAP
2508,3914,1,ARTISANAT MAROCAIN ASSALA ALAMI
2509,3915,1,MUSTAPHA LAASSLI
2510,3918,1,SORECOM
2511,3922,1,ASMEX
2512,3931,1,RFITECH MAROC
2513,3933,1,TURKISH AIRLINES
2514,3939,1,LES CARBONE NORD AFRICAIN
2515,3940,1,ASERTI
2516,3941,1,UNIGLOBAL SOLUTIONS
2517,3944,1,ROSE RATCLIFFE
2518,3954,1,CHAIMPCO
2519,3957,1,Conception des Solutions Techniques
2520,3751,1,AKMS
2521,3752,1,WAM MAROC
2522,3754,1,ANCFCC
2523,3755,1,KAY LOGISTICS
2524,3756,1,ONDA
2525,3778,1,EL GHNIMI TAHA
2526,3779,1,YOUNESS BOUIH
2527,3786,1,GROUPE PALMERAIE DEVELOPPEMENT 
2528,3799,1,FLUID
2529,3800,1,DELOITE AUDIT
2530,3801,1,MAROC MODULAIRE
2531,3803,1,STE CONSERVERIES MAROCAINES DOHA
2532,3805,1,TRANSGLORY
2533,3806,1,L'ODEUR DU CEDRE
2534,3827,1,Q SEVEN
2535,3828,1,BELGHITI
2536,3829,1,SHOPPING PRIVE
2537,3831,1,OQIM SERVICE
2538,3841,1,La Compagnie générale immobilière (CGI)
2539,3848,1,TGS
2540,3875,1,L'ART REVET
2541,3889,1,VILLE MODE
2542,3907,1,FAIR BUSINESS COMPANY
2543,3919,1,AZ Company 
2544,3929,1,BLAOUI MUSTAPHA 
2545,3945,1,EPM international
2546,3946,1,ADAM ETIQUETAGE 
2547,3947,1,KABBAJ NAJIB
2548,3958,1,HENRY'S
2549,3959,1,PATY'S
2550,3960,1,MAHANNA
2551,3961,1,SONIFI
2552,3962,1,HANOUT
2553,3964,1,C.A.D.M
2554,3965,1,MOROCCAN BOUHEMAIN STYLE
2555,3970,1,SALSA PRINT
2556,3971,1,ARD GUISSER
2557,3972,1,BELARDI TAGNOUTI TAOUI BTT
2558,3975,1,ATIFI WORLDWIDE TRADE
2559,3976,1,STAR AFRIQUE METER
2560,3978,1,ARTERRE
2561,3981,1,CLUB MED
2562,3696,1,CEO MYSHEOS
2563,3753,1,DYAR AL MANSOUR
2564,3761,1,MUSEE ART BERBERE
2565,3762,1,HAPPY FRUTTI
2566,3763,1,ASNI MARRAKECH
2567,3773,1,NADIA EDDASSI
2568,3774,1,CHIBA TRAVAUX
2569,3775,1,MOROCCO PACKING GASKETS
2570,3781,1,GLOBAL NETWORK LOGISTIC
2571,3819,1,URBATLAS
2572,3820,1,KHALID ABOUFIKR
2573,3853,1,WLS
2574,3854,1,PHARCOMEDIC
2575,3855,1,S&Y BEAUTY
2576,3868,1,HASSAN HAB
2577,3869,1,TRANS TECNIC
2578,3870,1,TEXTIS
2579,3877,1,ESSILOR MANAGEMENT
2580,3878,1,KNC MAROC
2581,3882,1,SPIE MAROC
2582,3883,1,TAHATEX
2583,3886,1,CHEZ MOUSSOU
2584,3887,1,LAASRY
2585,3890,1,YU MOROCCO
2586,3891,1,BLANCATEX
2587,3899,1,ISMAIL SERJAL
2588,3908,1,REAL TIME
2589,3935,1,ARTS2MAROC
2590,3936,1,DEEP SYSTEMS
2591,3937,1,ORGANIC SOURCING
2592,3938,1,KEFYS DISTRIBUTION
2593,3951,1,PROCESS INSTRUMENTS
2594,3952,1,PIERRE FABRE
2595,3969,1,AKTOUKEN MAROC
2596,3973,1,EPM TECHNOLOGY INTERNATIONAL
2597,3974,1,EPM MAROC TECHNOLOGY
2598,3977,1,ABDERAHIM BADIDI
2599,3979,1,CAMILLA BASSETT
2600,3980,1,HERBOTIN YOUNES
2601,3984,1,JRAIF YOUSSEF
2602,3674,1,OPTIBEN
2603,3676,1,MEDICAL EXPERT 
2604,3680,1,DIYA FASHION GROUP
2605,3681,1,VST LAB
2606,3683,1,FILAT
2607,3685,1,KATANA
2608,3686,1,AQUA CARGO
2609,3687,1,TAPIS BOUZOUBAA
2610,3688,1,BOUANANIA PALAIS D'ART GALLERY
2611,3689,1,TECHNOLOGIES PROFESSIONELLE
2612,3690,1,GOLD SHIPPING
2613,3693,1,SARAH TRANSIT
2614,3698,1,IPSEN LOGISTICS
2615,3703,1,GSTI
2616,3705,1,SARA DESIGNER
2617,3714,1,STCMA
2618,3715,1,MISFAT
2619,3718,1,DASNAVINA FIRST CLASS
2620,3719,1,AL BOURAD
2621,3723,1,AG LOGISTICS
2622,3726,1,PC MAROC
2623,3728,1,PLANETE PLANTE
2624,3734,1,AKZO NOBEL PERFORMANCE COATINGS
2625,3736,1,UNIVERS STYLE
2626,3737,1,RECYVAL
2627,3738,1,BAZAR REDOUAN DRISSI
2628,3739,1,BAZAR EL BAKALI
2629,3740,1,SIMON INTERNATIONAL
2630,3742,1,MAROC SOURCING 
2631,3747,1,LA SOLISA
2632,3757,1,NASARTEC
2633,3758,1,VET PRO
2634,3759,1,SUD TROPHEE
2635,3760,1,DUBAL
2636,3769,1,ROMA LASER MAROC
2637,3770,1,SARDIS
2638,3771,1,ACTIVE TRAVEL
2639,3672,1,NEW LAB
2640,3673,1,NORMALAB
2641,3679,1,INVOLYS
2642,3684,1,CEDRIC CHOMEL
2643,3697,1,INSTITUT Français DE FES 
2644,3704,1,PC MAROC
2645,3707,1,FAAB TIENDA 
2646,3708,1,PRODUTOS MARROQUINOS
2647,3709,1,GENOME 
2648,3711,1,DOUJA PROMOTION(G.ADDOHA)
2649,3716,1,LKADOM
2650,3732,1,AMSIYAFE ASSOU
2651,3772,1,JULIA STYLE
2652,3776,1,GREEN CRYSTAL EMERALD
2653,3777,1,NOVENA
2654,3813,1,BARID MEDIA
2655,3839,1,ROLINO
2656,3840,1,ABDELBAKI BENHAMZA
2657,3856,1,COOPERATIVE ANOU
2658,3873,1,POSTE MAROC
2659,3879,1,ARABE DECOR
2660,3880,1,QUALIUP
2661,3881,1,JOTUN MAROC
2662,3884,1,BENZA FOOD
2663,3885,1,PARA MEDICAL
2664,3888,1,MARGLORY
2665,3894,1,AMANA FREIGHT FORWORDER
2666,3895,1,JAMAINBACO
2667,3896,1,HAPPY FRUTTI
2668,3900,1,Youssef SLIMANI
2669,3909,1,BOUCHADOUR
2670,3911,1,ZAJNI OMARI GHALI
2671,3916,1,EKIPTEC
2672,3917,1,SOUAD ERRAIS
2673,3923,1,SIEMENS
2674,3924,1,KBF COSMETICS
2675,3992,1,DOMYJEANS
2676,3999,1,CASA PIXEL
2677,4005,1,BRTT
2678,4007,1,TOUAREG PROD
2679,4014,1,ELENACO
2680,4022,1,HYDROPARTS
2681,4023,1,SARGENTI 
2682,4053,1,STEEL TRADERS
2683,4095,1,R2M 
2684,4096,1,EDITIONS AL HALABI
2685,4109,1,UNION ARTISANAT
2686,4110,1,LUBPRO
2687,4112,1,B52 UNIVERS AEROMAROC
2688,4113,1,DYAMIR
2689,4114,1,AGRICOLAS NORD
2690,4119,1,ELETEC
2691,4120,1,univers cargo 
2692,4121,1,EZ ZOUYN THAMI
2693,4130,1,JAD FASHION
2694,4135,1,OP BOX
2695,4140,1,ESPACE DE L'ENSEIGNE
2696,4144,1,IFAKHKHAREN
2697,4145,1,KROMBERG & SCHUBE
2698,4147,1,JAMO ARTISANS
2699,4160,1,GRANDEVER
2700,4170,1,MME ROTA
2701,4172,1,MOUNIA KICHA
2702,4178,1,IRG PATRIMOINE
2703,4192,1,NEXTRONIC
2704,4196,1,ETS RIANE ABDELKADER
2705,4199,1,AL OUSSTTORA
2706,4200,1,Kayar
2707,4201,1,PCARD
2708,4202,1,CLAL INDUSTRIE 
2709,4203,1,SNOP TANGER
2710,4205,1,RIAD ORIGNINES
2711,4207,1,ID CONCEPT
2712,4208,1,Douma Malika
2713,4213,1,CAROFIL
2714,4214,1,STTSMA
2715,4215,1,GREEN SOLUTIONS
2716,4216,1,MARCHAR LOGISTICS
2717,4217,1,SIATRA
2718,4218,1,RACHID MRABET
2719,4219,1,Travaux Maritimes Nador – Zone Franche Bétoya – Iaazaanen –  Nador 
2720,3989,1,JAKANI RACHID
2721,4010,1,STERIMAX
2722,4013,1,NOEMIE CREATION
2723,4015,1,COGEPIC
2724,4024,1,ERG CONSERVE
2725,4027,1,CARRITEC
2726,4028,1,MERX
2727,4030,1,ISMAIL ZEBDI
2728,4031,1,Ahmed Arharbi
2729,4032,1,hajji belhaj
2730,4033,1,CLAL industrie
2731,4036,1,PENTRILO SUCCURSALE
2732,4038,1,DALE CARNEGIE TRAINING
2733,4039,1,IFOP
2734,4040,1,MAISON DU CAFTAN
2735,4041,1,PANAFEX
2736,4044,1,WOODS
2737,4045,1,RESIDENCES DU GOLF DE BOUSKOIRA
2738,4058,1,CASA AUTO
2739,4061,1,DEAR MARRAKECH
2740,4062,1,CRYSTAL GREEN CONSULTANTS
2741,4067,1,LEUSIEUR
2742,4070,1,ONGLERIE
2743,4071,1,JINANE FASHION
2744,4077,1,PROFORMS
2745,4078,1,RECORD DIFFUSION
2746,4080,1,CYBER HANOUT
2747,4081,1,BABCOCK WANSON
2748,4082,1,TUYAUTO
2749,4083,1,MOHAMMED SAAD EL ADI
2750,4084,1,INTELCIA MAROC
2751,4086,1,QAPIMAR
2752,4090,1,VIVO ENERGY MAROC
2753,4091,1,CYBOLA SOUND STUDIO
2754,4092,1,LABORATOIRE OFFICIEL LOARC
2755,4093,1,FROTCOM
2756,4097,1,FLOWERS EXTRACTION
2757,4098,1,FLORENCE TEILLET TEXTILES
2758,4099,1,FIRE PRO ENGINEERING
2759,4101,1,CODAFLEX
2760,4116,1,PROMALAB
2761,4117,1,ATELIER EMH
2762,4118,1,Soltric
2763,4125,1,GALERIE BERTRAND
2764,4128,1,COMECA
2765,3998,1,SOTEINTEX
2766,4000,1,DAR HARAM CHEIKH	
2767,4001,1,MISSER FATIMA
2768,4002,1,SEDITEC
2769,4011,1,TECNICARTON TANGER
2770,4012,1,REVIALIS
2771,4019,1,SICDA
2772,4020,1,RENAULT TRUCKS MAROC
2773,4047,1,GMS PRINT
2774,4050,1,PESAGE VIAL MAROC
2775,4051,1,C4 INVEST SARL AU
2776,4052,1,MACCESS – SALE   S.A.R.L
2777,4056,1,BRICO SCE
2778,4057,1,MARIPAL
2779,4060,1,REACTING
2780,4064,1,HEY MAN TEX
2781,4065,1,LA MAISON DINANDIER
2782,4066,1,ASAPS
2783,4069,1,JOSE BELTON 
2784,4075,1,ELEC RECYCLAGE GROUPE MAROC
2785,4104,1,ISAS
2786,4122,1,POUMINA 
2787,4126,1,STTS
2788,4127,1,PROCESSING AUTOMATION
2789,4129,1,ARDAGH METAL PACKAGING
2790,4134,1,X Office Systems
2791,4136,1,BENSALAH Yassine
2792,4139,1,ETS JERRARI
2793,4152,1,SAHAM ASSURANCE
2794,4158,1,CENTRALE COOPERATIONS ENTREPRISES
2795,4159,1,ACO SYS
2796,4162,1,SCIM
2797,4163,1,SBT MAROC
2798,4164,1,NAWAL EL MOUKAOUIM
2799,4165,1,Nadia LHASSANI
2800,4167,1,Mouaya Marie
2801,4169,1,Dacar jalal 
2802,4173,1,CENTRE NATIONAL DU COMMERCE ET NEGOCE
2803,4175,1,LES RIADS DE LA PALMERAIE
2804,4176,1,LES RESIDENCES DU GOLF DE BOUSKOURA
2805,4182,1,AZA MINERALS
2806,4195,1,RIAD LOLA
2807,4206,1,EXPERT MEDICAL
2808,4211,1,ANDREATEK
2809,3986,1,MOORISH LIGHTING
2810,3987,1,ANAJAM HOME
2811,3990,1,FINETTI
2812,3994,1,ORTHO RAMA
2813,3995,1,ARTSI IFRAH COMPANY
2814,4003,1,FITCO
2815,4004,1,DECOLTEC
2816,4006,1,CHANTIT
2817,4021,1,DAGO
2818,4026,1,SOMACOTEX
2819,4034,1,AMBES TRAVEL TOUR
2820,4043,1,ASSOCIATION ZITOUNE
2821,4046,1,UNIVERMAILE
2822,4055,1,ECOSHIP
2823,4063,1,DROLET MAROC
2824,4076,1,KAB LOGISTICS
2825,4079,1,ACCES TRANSPORT NEGOCE
2826,4089,1,Indusphere
2827,4106,1,SOFA
2828,4107,1,ASYA COMPANY 
2829,4108,1,AF RESSOURCES
2830,4111,1,BELHAJ INTERNATIONAL GENERAL TRADING
2831,4137,1,SIRECOM
2832,4146,1,FLOQUET MONOPOLE INDUSTRIE
2833,4148,1,A.PHY.S.E.M
2834,4149,1,ATLANTIC AIR INDUSTRIES MAROC
2835,4150,1,SAHAM MANAGEMENT COMPANY
2836,4151,1,SAHAM FINANCE
2837,4153,1,LUXURY BEAUTY
2838,4154,1,GENARAL TRAILER ET SERVICE MAROC-GTSM-
2839,4155,1,ALREADY FUN
2840,4157,1,COMAROILD
2841,4168,1,Ghita Hannaoui
2842,4181,1,AZRU RESOURCES
2843,4183,1,LUNA
2844,4184,1,MIXTE CUIR
2845,4193,1,MAUTASSIN HAUTE COUTURE
2846,4194,1,NAHIM RACHIDA
2847,4197,1,LOCATION SOLUTIONS 
2848,4198,1,STE PESAGE INDUSTRIEL ET COMMERCIALL
2849,4204,1,OPTIQUE 15/20
2850,4209,1,PRESTATAIRE ALL LINE
2851,4210,1,AFRICAMEDICAL
2852,4212,1,CINDICO
2853,3988,1,FLEXIPRO
2854,3991,1,TRANS CALYN
2855,3993,1,Lyazidi Fawz 
2856,3996,1,INDUCAF
2857,3997,1,QUADRITECH
2858,4008,1,EFOA
2859,4009,1,CABINET ABEIS
2860,4016,1,ICL
2861,4017,1,ASMAE FORWARDING EXPRESS
2862,4018,1,EATON INDUSTRIES MOROCCO
2863,4025,1,FISATEX
2864,4035,1,INTERNATIONAL DEALER
2865,4037,1,PETROLEC
2866,4042,1,RHANI
2867,4048,1,DAR ZAOUIA
2868,4049,1,LOGISTICA
2869,4054,1,STEAM MAROC
2870,4059,1,FLUIDES SYSTEME
2871,4068,1,GHIZLANE PROMAILLE
2872,4085,1,CRESCENTS TRADING COMPANY
2873,4087,1,PLASTIQUE SRAGHNA
2874,4088,1,PATRICK WHYBREW
2875,4094,1,TIGMIZA
2876,4100,1,AGAPE
2877,4102,1,WAFACASCH
2878,4103,1,HABRAOUI BAZAR
2879,4105,1,RITA DI CAHIA 
2880,4115,1,SFIB
2881,4123,1,HW MENARA
2882,4124,1,ITOB
2883,4138,1,Jamila benyehya 
2884,4141,1,STE MERYCOF
2885,4142,1,B DEAL 
2886,4143,1,IM NETWORKS
2887,4156,1,LAKORALE
2888,4161,1,SOMADIAG
2889,4171,1,IBE
2890,4179,1,Mohemed Oumira
2891,4180,1,Btissam Fellah
2892,4185,1,PRO SYSTEME
2893,4186,1,Faycal kabbaj 
2894,4187,1,SENSE
2895,4188,1,ONCF
2896,4189,1,OMPIC
2897,4190,1,AMANDINE
2898,4191,1,NUNU
2899,4222,1,AL JALIA TRANS EXPRESS
2900,4224,1,YAZAKI MOROCCO 
2901,4227,1,HICHAM LALMCHAHHEM
2902,4231,1,PERFECT SHORE
2903,4232,1,YAKOUTTA GALERIE D’ART
2904,4246,1,GIC MAROC
2905,4252,1,YOUNES AMMYDRISS
2906,4253,1,FYOUDRE IMP 
2907,4264,1,ecoship
2908,4266,1,INTERLAND 
2909,4267,1,SHANANE
2910,4268,1,PELIKANA 
2911,4274,1,FAMOUS CUIR
2912,4280,1,TEKNIA TANGER
2913,4282,1,SERVOPRES 
2914,4289,1,PARTNER TECH NORTH AFRICA
2915,4316,1,CRAFT FOR YOU
2916,4318,1,BENZARROU
2917,4319,1,SAID OUZIAD
2918,4331,1,DASA MEDIA
2919,4352,1,Saloua  banbariya
2920,4393,1,C4 DIFFUSION
2921,4402,1,SH TRANS
2922,4436,1,ZINIALIFE
2923,4449,1,LOTFI EL JAI
2924,4454,1,KHADIJA BELMAJDOUB
2925,4455,1,KARIM TAZI
2926,4458,1,STE SOLUTION BOIS    
2927,4468,1,SAINT GOBAIN ABRASIFS
2928,4477,1,STF CONSULTING
2929,4494,1,ABSOLU BEAUTE
2930,4500,1,MED ECO VILLAGE DEVELOPPEMENT
2931,4501,1,MED ECO VILLAGE DEVELOPPEMENT
2932,4503,1,ALPINE SOLUTIONS
2933,4518,1,WANA CORPORATE
2934,4548,1,JACOBS DOUWE EGBERTS
2935,4557,1,TIJARA DISCOUNT
2936,4558,1,DUROC
2937,4567,1,MOTORTEC EQUIPEMENT & ACCESSOIRES
2938,4571,1,LAGRARI MOHAMED
2939,4577,1,TALISMAN ART GALLERY
2940,4578,1,D&L GROUP
2941,4581,1,DEC INTERNATIONAL
2942,4233,1,BOLLORE LOGISTICS
2943,4265,1,ATLAS OPTIQUE
2944,4285,1,EMS_SUDAN_SOUTH
2945,4300,1,GVN BY MOITA
2946,4333,1,LAHMDANI REDA
2947,4339,1,TIGOUNTAF ARGANE
2948,4340,1,JET CONTRACTORS
2949,4344,1,STE MAGCIT HOLDING
2950,4355,1,LAUREN FEINBERG
2951,4364,1,AL BARID BANK
2952,4365,1,BARID AL MAGHREB
2953,4366,1,BARID MEDIA
2954,4377,1,ETABLISSEMENT FARIMED
2955,4378,1,TOTAL TREATMENT TRADING
2956,4379,1,HAMAG Project & Forwarding Sarl
2957,4384,1,BIAIS TANGER
2958,4397,1,STE EDENRED
2959,4398,1,NOUVELLE STE AMADIR 
2960,4403,1,FFM JURIDIQUE
2961,4406,1,CENTRALE MARRAKECH INNOVATION
2962,4408,1,MANSANARES TRANS
2963,4418,1,PAUL HARTMANN
2964,4419,1,GHAFIR TRANS
2965,4429,1,Tiouli trans
2966,4430,1,Trans bretagne
2967,4432,1,Sh trans
2968,4433,1,ek
2969,4440,1,el amiri caftan
2970,4457,1,DYNAMIC TRANS
2971,4463,1,ZINE HERB
2972,4464,1,GMM
2973,4483,1,MUSTAPHA 
2974,4486,1,FISH AND COMPANY TFZ
2975,4487,1,ORIVA
2976,4509,1,SB2C
2977,4510,1,ASSIDOO
2978,4519,1,BINEG
2979,4524,1,EOLANE TEMARA
2980,4530,1,VICTOR HARROCH
2981,4545,1,JAMAL AIT MALAK
2982,4553,1,CHEZ ABDOU
2983,4570,1,LIBRAIRIE PAPETRIE NATIONAL
2984,4583,1,OUSSAMA RACHID
2985,4241,1,RACHID CHAIB
2986,4243,1,SIMRA MAROC
2987,4244,1,L2MI
2988,4245,1,TECNA
2989,4255,1,HIOLLE INDUSTRIE MAROC
2990,4275,1,KRAGBE HERMANN
2991,4276,1,El youssofi zakia
2992,4277,1,ACHRAF AKANSOUS
2993,4278,1,Abdelkrim
2994,4290,1,LINOHOME
2995,4303,1,FERMETURE 2000
2996,4304,1,TRAGEM
2997,4305,1,ILME SOUSS
2998,4306,1,FIGEAC AERO MAROC
2999,4307,1,PHARM&NATURE 
3000,4308,1,IMANE INVEST
3001,4309,1,ALPHA BUREAU 
3002,4310,1,LABORATOIRE CHARLES NICOLLE
3003,4324,1,KENZA RAHALI
3004,4325,1,EL MEHDI NAJEM
3005,4326,1,arabe services
3006,4332,1,PESIMEX
3007,4345,1,AFISAC
3008,4351,1,AMALCHIM 
3009,4381,1,LAKRIMI AHMED
3010,4382,1,BE ARTISAN
3011,4385,1,MEHDI ES-SEBBANI
3012,4447,1,ARGAGRO SOUL SISTERS
3013,4448,1,Sebtaoui SARL
3014,4450,1,YURA CORPORATION MOROCCO 
3015,4459,1,LA KASBAH DE TIFIRITE
3016,4498,1,BEST VIANDES
3017,4505,1,COMIM
3018,4506,1,XPI
3019,4517,1,CONSULAT GENERAL DE France
3020,4529,1,Italie MAROC
3021,4531,1,113 MARKET
3022,4532,1,MAAZOUZ FOUAD
3023,4540,1,JGR
3024,4546,1,BOUIRHAJDANE
3025,4549,1,GFM
3026,4554,1,AMIDIL DISTRIBUTION
3027,4559,1,SNCE
3028,4560,1,PAHIBO SANDRINE
3029,4221,1,B & H NATURE
3030,4235,1,econosol
3031,4236,1,AUTELEC
3032,4237,1,LAMACOM
3033,4256,1,MAITSERVICE
3034,4257,1,SUD FRET
3035,4258,1,COOPERATIVE ADRAR
3036,4259,1,AISSAM ALAOUI
3037,4288,1,MAJD MAGHREB 
3038,4327,1,AMARIS EQUIPEMENT SERVICES MAROC
3039,4330,1,FYOUDRE IMPORT-EXPORT
3040,4346,1,MAROC ASSISTANCE INTERNATIONAL
3041,4375,1,ORIENTAL MINING COMPANY
3042,4380,1,INNOVATECH
3043,4394,1,IFAKHKHAREN
3044,4401,1,ESPACE DE CORRECTION AUDITIVE
3045,4409,1,HALADJIAN
3046,4411,1,linexsoulutions
3047,4417,1,MEAWOOD
3048,4435,1,SINO ALLIANCE
3049,4437,1,TRANS EXPRESS AKINA
3050,4438,1,NADASORAYA
3051,4444,1,ABLENS
3052,4446,1,GREEN PORT
3053,4453,1,LOCALUB
3054,4479,1,SIRMEL
3055,4480,1,JET ENERGY
3056,4484,1,DELASSUS
3057,4485,1,JDE
3058,4507,1,OSMAN ISMAIL
3059,4511,1,TITANIUM AFRICA
3060,4514,1,FLASH CANDY & GUM CIE
3061,4535,1,CTPC
3062,4537,1,LES RESIDENCES DU GOLF DE BOUSKOURA
3063,4538,1,CBRE
3064,4543,1,SUD ELECTTRONIQUE INFORMATIQUE
3065,4561,1,PAYS D'ARGAN IMP/EXP
3066,4562,1,MOLINGE
3067,4564,1,SOUK ARTISANAL
3068,4569,1,MALAK BIO
3069,4573,1,BELOPTIC 
3070,4574,1,NADALOG
3071,4575,1,FAGOMA
3072,4580,1,LEXIS ENGINEERING SYSTEMS
3073,4238,1,DATA PLUS
3074,4239,1,ART AND MOLDS
3075,4240,1,CM3
3076,4254,1,STE PARME LOISIRS
3077,4262,1,SEPIA
3078,4263,1,THE MOROCCANS
3079,4269,1,SAHAM PHARMA
3080,4270,1,MUNISYS
3081,4272,1,PHONE GROUP
3082,4279,1,CASA AUTO DISTRIBUTION
3083,4283,1,NORV TEX
3084,4299,1,CREATIVE NEW IDEAS
3085,4301,1,EXTREMED PURETE
3086,4329,1,GOMA CAMPS MAROC
3087,4357,1,FONDATION ORIENT OCCIDENT
3088,4363,1,BPS
3089,4374,1,CENTRE AFFAIRES EBUSINESS
3090,4395,1,kig one
3091,4412,1,PLATINOVA
3092,4414,1,DAR GROUP
3093,4415,1,SHERCON
3094,4416,1,YORIMA BUSINESS
3095,4426,1,MAROC OFFSHORE LOGISTICS
3096,4427,1,Sagem prim
3097,4428,1,Onri trans
3098,4431,1,Ayaz trans
3099,4439,1,KEP METAL TECH MAROC
3100,4443,1,REVES FRERES SARL
3101,4445,1,BRIDGE TO STUDY AWAY
3102,4452,1,AMINA SQALLI
3103,4461,1,TANDIA EDITIONS
3104,4465,1,MAROC INGENIERIE ET ACOUSTIQUE
3105,4467,1,MOHAMED AMINE OUAYAKHAF 
3106,4478,1,R2I CONSULT
3107,4481,1,WATERSOL MAROC
3108,4488,1,Abdelfattah Maya
3109,4489,1,EDEN MAROC 
3110,4523,1,COOPERATIVE TAITMATIN
3111,4536,1,MARINE MAROC
3112,4539,1,KASR BEN HAYOUNE
3113,4547,1,NAZO RUGZ
3114,4563,1,AZENZOUL SALIMEDDINE
3115,4579,1,COOPERATIVE ANNASSIM
3116,4582,1,POLYRIS
3117,4223,1,B&H NATURE
3118,4286,1,EMS_TEST
3119,4317,1,IMPERIAL EXPEDITION
3120,4321,1,LMN -LES MATERIAUX NOUVEAUX
3121,4347,1,SONOFET
3122,4354,1,RACHID BAKDICH
3123,4356,1,DISTRIBIO
3124,4359,1,MDS BIO
3125,4373,1,ENERGY TRANSFO
3126,4404,1,FAW AUTOMOTIVE MOROCCO
3127,4405,1,MC MECANO
3128,4410,1,MARRAKSHI LIFE
3129,4420,1,HASSAN ABDI
3130,4441,1,JANOU TRANSPORT
3131,4462,1,RIXUS
3132,4469,1,NOUREDDINE SOUFIA
3133,4470,1,SP CHIME
3134,4471,1,AIDA TRADING
3135,4472,1,WATER PLUS
3136,4473,1,SEUL TRANS SARL
3137,4475,1,SAINT GOBAIN DEVELOPMENT
3138,4476,1,R2I TFZ
3139,4490,1,SERPIME
3140,4493,1,MAPARCO
3141,4499,1,SURLINE
3142,4502,1,CAPREL
3143,4515,1,MOULAGE PLASTIQUE DU SUD
3144,4525,1,GLO FOODS
3145,4526,1,SERIMAR
3146,4542,1,OUSSAMA SAIB
3147,4556,1,PLANET PRODUCT
3148,4566,1,LIBRAIRIE PAPETERIE NATIONALE
3149,4568,1,BDP International
3150,4576,1,NAIMA JAZOULI
3151,4584,1,Maria Abdelmoumen
3152,4585,1,SOMAVER ALU
3153,4586,1,JASMA
3154,4587,1,SANTESIS
3155,4588,1,FLEXI RESSORTS
3156,4589,1,TRANSPLUS
3157,4590,1,BELLAMINE
3158,4591,1,NAJIA SERROUKH
3159,4592,1,AR FACTORY
3160,4593,1,EFAES
3161,4599,1,REAL MECANIQUE
3162,4220,1,CASAWEST
3163,4225,1,GMD Tanger
3164,4226,1,GONZO
3165,4228,1,PHAIMEDIM GREGORG MATUBE      
3166,4229,1,SAMBOU
3167,4260,1,BOUTIQUE ZYANE
3168,4261,1,all line
3169,4287,1,STFSNA
3170,4302,1,AMASMOUD MOUHSIN
3171,4311,1,RSI
3172,4320,1,NIRVANA EXPEDITION
3173,4328,1,AGENCE CHRONOPOST AGADIR
3174,4336,1,FRICA INTERNET HOLDING
3175,4337,1,UNITED OPTICAL
3176,4338,1,SERVOPRES
3177,4360,1,GLOPTEX
3178,4361,1,LMDI
3179,4368,1,EDENRED
3180,4369,1,SUDWAY TRANS
3181,4370,1,SIGMA TRANSPORT
3182,4383,1,CONTISYSTEMS
3183,4413,1,TECAERO
3184,4421,1,M&B COMPANY 
3185,4422,1,CHRONOPOST COTE D'IVOIRE
3186,4423,1,NAIT LOOK
3187,4442,1,KOHEN'S & CO TRADE
3188,4451,1,GENERAL ROUTIERE
3189,4527,1,SEMINNOV
3190,4533,1,ABOUKACEM SAMAH
3191,4534,1,MAJD ALAMI
3192,4541,1,FREYSSIMA
3193,4555,1,Editions La Découverte
3194,4594,1,LUMINARIA
3195,4595,1,Ecart Services Morocco/JUMIA
3196,4600,1,AVIARIAL
3197,4601,1,AMA ART
3198,4602,1,THE FLACON
3199,4603,1,AMAYA CNC
3200,4604,1,MGF AFRIQUE
3201,4605,1,FMTM
3202,4606,1,CLUSTER CE3M
3203,4607,1,DRISS PIOUS
3204,4608,1,FEDERATION ROYALE MAROCAINE DE TIR SPORTIF
3205,4609,1,STACEM MAROC
3206,4610,1,AGADIR FRESH FRUIT
3207,4247,1,BOENAN YONAN YANN MAIXENT
3208,4248,1,YOUNES AMMYDRIS
3209,4249,1,ARCHIMEDIA
3210,4250,1,BOUKFAOUI YOUSSEF
3211,4251,1,YOUNES AMMYDRISS
3212,4271,1,SYRI MAILLE
3213,4273,1,LAAOUINAT
3214,4281,1,EQUAL PHONE
3215,4296,1,TUVALU 
3216,4322,1,YOUNESS BOUIH/
3217,4323,1,OTHMANE LHERBI
3218,4334,1,LIBRAIRIE AL ALFIA ATTALITA
3219,4335,1,ARGANDIOR
3220,4341,1,SAFYNEL
3221,4342,1,CIRCOR AEROSPACE
3222,4343,1,MECAFIM
3223,4348,1,Moussa nomade
3224,4349,1,Fadil Benkmil
3225,4350,1,BOUBEKRI NADIA
3226,4358,1,ACCENTIS MEDICAL
3227,4362,1,IWACO
3228,4367,1,POSTE FRANCE 
3229,4371,1,US PEACE CORPS-MOROCCO
3230,4372,1,SMAET
3231,4400,1,CENTRALE DANONE
3232,4407,1,EL OUAD MOHAMED	
3233,4424,1,YOUNES BOUCHAR
3234,4425,1,GALAKSIKA MAROC
3235,4434,1,Best morocco fruit
3236,4456,1,ELGRABLY ABRAHAM
3237,4460,1,RBC
3238,4466,1,ZOUHAIR TEDGHI
3239,4474,1,JOIE D'OFFRIR
3240,4495,1,INTELCIA
3241,4496,1,PHONE ASSISTANCE
3242,4497,1,NORDIC TIMBER
3243,4508,1,YARA CONFECTION
3244,4512,1,TRISTAR MOROCOO MANGANESE
3245,4513,1,BLUBERRY
3246,4544,1,LAFARGE PLACO MAROC
3247,4552,1,TOP PROTECTION
3248,4565,1,ZYMOPHAR
3249,4621,1,MOHAMED ALI NOUREDDINE
3250,4643,1,ADELMA
3251,4645,1,ABDERRAHIM KIMDIL
3252,4649,1,FRANCOISE ALINE
3253,4654,1,SO FRESCH AGRICOLE
3254,4657,1,AGROVET LABO
3255,4667,1,EXCELLENCE
3256,4668,1,REEM FASHION
3257,4672,1,AGC AUTOMOTIVE INDUVER MAROC
3258,4710,1,CONSULAT D'Allemagne
3259,4716,1,TAILLEUR DE LA PALMERAIE AHMED OUCHRAA
3260,4719,1,ADAM SEA FOOD
3261,4723,1,CORSTAR
3262,4724,1,MR. YOUSSEF HACHIMI
3263,4735,1,COMMODITIES TRADING & SERVICES
3264,4757,1,ATS GLOBAL
3265,4764,1,MOROCCAN HANDREAM
3266,4765,1,MAISON DE CADEAUX BERBERES
3267,4614,1,CLEMESSY MAROC
3268,4638,1,HM FRUIT MAROC
3269,4639,1,HM FRUIT SARL 
3270,4663,1,SPIRIT GALLERY
3271,4664,1,REAL CHAUSSURE
3272,4669,1,CAP INTER
3273,4677,1,NADIR NOUREDDINE
3274,4678,1,POLYQUIP
3275,4679,1,MOROROCK
3276,4694,1,BRAHIM ALACH
3277,4697,1,SECORA TRANS
3278,4701,1,ORILA SUD
3279,4703,1,COLOMBES IMPORT-EXPORT
3280,4709,1,NAJI FAKHKHARI
3281,4711,1,BOUSSETA MOHAMED  
3282,4713,1,KARIMA ZOUHOU
3283,4729,1,ARRAKIS
3284,4739,1,VIDALTOM
3285,4741,1,SODIMAREP
3286,4756,1,RUBISCUBE
3287,4632,1,DIGITAL NETWORK GLOBE
3288,4633,1,MOROCCAN ARTISANS FACTORY
3289,4636,1,CYCLE 2020
3290,4662,1,"CONSEIL DE LA REGION RABAT, SALE, KENITRA"
3291,4665,1,AUX DOUIRIA
3292,4686,1,BC INOX
3293,4689,1,AGENCE CHRONOPOST SBATA
3294,4693,1,BLADI TREASURES
3295,4702,1,FLAMANT VERT
3296,4712,1,HAMD LOGISTICS
3297,4717,1,DISTRA
3298,4734,1,CONSEIL NATIONAL DES DROITS DE L'HOMME
3299,4745,1,DR BENSIDI SARL
3300,4747,1,LATI BIOTIFAL
3301,4760,1,EPROD
3302,4762,1,SMF LASER 
3303,4767,1,LATSIMA
3304,4619,1,TRANSIT TRANSPORT FOUGHAL
3305,4629,1,SODIAS
3306,4644,1,ECOSTORE
3307,4646,1,KHALID HAYANI
3308,4659,1,SIMRA TANGER
3309,4660,1,EURO COULEUR
3310,4661,1,STE IBERKAL
3311,4673,1,MSO PRINT
3312,4680,1,ANSFAEP
3313,4681,1,COSMALINE
3314,4682,1,ARTI LAMP
3315,4684,1,MOHAMED OUAHMANE
3316,4691,1,ALPHA ELECTRONIC
3317,4692,1,ARGANIA VELVETINE 
3318,4699,1,SUR OUEST VOYAGE
3319,4700,1,FAHD IDAGHDOUR
3320,4704,1,CLAY
3321,4725,1,STERI PHARMA
3322,4726,1,W TEXTILE
3323,4731,1,INTERLINGE
3324,4611,1,ROMEN BIK
3325,4612,1,MONDIAL COLIS
3326,4613,1,NECTAR PRECIEUX
3327,4617,1,ASSOCIATION DAR AL HADITH
3328,4622,1,CONSORTUIM INDUSTRIEL DE PECHE
3329,4624,1,EL GUERCHE MOUHSSINE
3330,4628,1,CONTEXARA
3331,4631,1,CHADA FOODS
3332,4634,1,VALENTIN BAKSIC
3333,4641,1,RECOING ET JACQUETY
3334,4647,1,ORGANIC BEAUTY PROS
3335,4650,1,MAALAL CHAKIB
3336,4651,1,MAROC ASSISTANCE INTERNATIONALE
3337,4652,1,BAZAR ALI
3338,4658,1,AMINE BENHAMZA
3339,4674,1,5 TECHNOLOGY
3340,4683,1,SHR SERVICE CAFE
3341,4687,1,Dalmaz
3342,4688,1,SIGMED
3343,4695,1,MARSA FILET
3344,4696,1,CGI TECHNOLOGIES ET SOLUTIONS
3345,4698,1,ESSEM
3346,4705,1,PHARMA VITAL SARL / DAKAR
3347,4728,1,TRESOR DE MILLES ET UNE NUIT
3348,4730,1,MARIELLA VILLASANTE
3349,4740,1,GREEN FRESH AND CORP
3350,4746,1,ATELIERS INDISTRIELS CHERIFIENS (AIC)
3351,4748,1,MARAYA AL KHALEEJ
3352,4753,1,LABORATOIRE MEDIPACO
3353,4755,1,OMIG
3354,4768,1,SMF LASER
3355,4615,1,AHMED BERNOUSSI
3356,4616,1,HOME SOLUTION
3357,4618,1,MAGED AHMED MOHAMMED QAIS
3358,4620,1,WAFI BUSINESS LOGISTIC
3359,4630,1,KADIR DISTRIBUTION
3360,4635,1,TANNERIE RAJAE FILLAH
3361,4637,1,SKHIRI TRANS
3362,4655,1,IRESEN
3363,4656,1,GETCOMAR
3364,4666,1,MINIMAL
3365,4671,1,MERHI KAZMA
3366,4676,1,CENTRE SECURITE TRAITEMENT-CST-
3367,4685,1,GALVAFER
3368,4690,1,AIR LIQUIDE MAROC
3369,4708,1,EL OUASTI
3370,4727,1,LABORATOIRE STERIPHARMA
3371,4733,1,FORAFRIC
3372,4749,1,TECHNIQUE ACIERS
3373,4754,1,FICOSA INTERNATIONAL MAROC
3374,4763,1,JANNAH TRADING
3375,4766,1,PATRIMOINE ET SOLUTIONS
3376,4769,1,EMV WORLD TRADING
3377,4623,1,EGLO
3378,4625,1,PROMOTION ART GRAPHIQUES
3379,4626,1,TOUVIS
3380,4627,1,ZONDADO
3381,4640,1,LES BIOS AGADIR
3382,4642,1,OKELEC
3383,4648,1,GROUP BLOEMEN CONSULTING INTERNATIONAL
3384,4670,1,AFER001566764000042
3385,4706,1,OR AFRIQUE 
3386,4707,1,FIRST THERM
3387,4714,1,ALLEAU
3388,4715,1,charit abdelghani
3389,4718,1,SWISS OPTIC 
3390,4722,1,WnDirect GB
3391,4736,1,ANIXTER MOROCCO
3392,4737,1,GROUPE YOSA TRANS 
3393,4738,1,BEDOUIN STYLE
3394,4742,1,SOL-ECLAIR
3395,4743,1,ANYA
3396,4744,1,ASSOCIATION ATLAS AZAWAN
3397,4750,1,VECTORYS MAROC
3398,4751,1,ISOTRON MAROC 
3399,4752,1,LABORATOIRES NOVORET
3400,4758,1,SQALLI HOUSSAINI BOUBKER
3401,4759,1,COTECHMARK
3402,4770,1,TECHNO CLIM SERVICE
3403,4771,1,NOPALEX
3404,4772,1,LODEP
3405,4773,1,BOUZMANE HAFIDA
3406,4774,1,L'OR MOGUE TALIOUINE
3407,4775,1,SECURITE CONFORT
3408,4776,1,PROAUDIO AFRIQUE
3409,4777,1,NINETEEN 64
3410,4778,1,SUNBELTS EUROPE
3411,4779,1,LES 3 LACS
3412,4780,1,4 SEASONS MEDITERRANEAN AROMAS
3413,4781,1,GEO.COM
3414,4782,1,AFCENDIS
3415,4783,1,NEWMATIC
3416,4784,1,ALI AHMED      
3417,4785,1,BICARD
3418,4786,1,ARCONTROL INTERNATIONAL
3419,4787,1,REDA EL CAIDI
3420,4788,1,MAROUA RACHID
3421,4790,1,ADIL CHTATA
3422,4791,1,SARTOMA
3423,4792,1,PETROCAB
3424,4793,1,MAISU TECHNOLOGIES
3425,4795,1,NEXTEER AUTOMOTIVE MOROCCO
3426,4796,1,IRIKI -AIR
3427,4797,1,PRIME IMPORT EXPORT
3428,4800,1,STE AMAPEX
3429,4801,1,WEBAPPORTER
3430,4802,1,AFREQUIP MAROC
3431,4803,1,SOCIETE CONTROLE INSTRUMENTS
3432,4804,1,MOBILE UP
3433,4805,1,DEUGRO MOROCCO
3434,4806,1,DPEX DELIVERY PARCEL EXPRESS
3435,4807,1,MARBAZAAR
3436,4808,1,SOFICOTEX
3437,4809,1,KHALID AIT LAHCEN
3438,4810,1,QLSB
3439,4812,1,M2C Maroc
3440,4822,1,SOTEKLAB MAROC SARL
3441,4823,1,STE SELECTIONS OF NATURE
3442,4824,1,NATULUX SARL
3443,4831,1,zinide abdelmalek
3444,4833,1,Secora-trans
3445,4839,1,ADRAR RESOURCES
3446,4846,1,ROUSSEAU DISTRIBUTION
3447,4856,1,MED AFRICA LOGISTICS
3448,4863,1,APIA
3449,4878,1,CUVAFRIQUE
3450,4879,1,MARGANOM
3451,4888,1,MIFA EQUIPEMENT
3452,4891,1,YASSIN CHACHOU
3453,4893,1,AD INDUSTRIES /ADIMA AEROSPACE
3454,4894,1,LAHSAINI KAOUTAR
3455,4895,1,ONLINE SHIPPING
3456,4926,0,ZTT MAROC SARL AU
3457,4836,1,CAUCHOS ARNEDO MAROC
3458,4845,1,ALL SUPPLIES SERVICES
3459,4850,1,KASBAH CHIC
3460,4858,1,EURAPID
3461,4861,1,EURAPID INTERNATIONAL
3462,4866,1,MOBIKIT 
3463,4883,1,COSY CRAFT
3464,4892,1,KHALID AMOR
3465,4897,1,PALAIS EL KHABIR ZINE MAROCAIN
3466,4908,1,mirat abderrafik
3467,4837,1,ENERGETICA
3468,4849,1,STE DES ENTREPRISES ZAOUIA
3469,4851,1,STILL ASSOCIATES
3470,4852,1,MY BIO COSMETICS
3471,4868,1,WORLD TEXTILE
3472,4869,1,BERBER COOM
3473,4885,1,DAR ASSALA
3474,4886,1,SAFIPHARM
3475,4887,1,BRAWKIT
3476,4910,1,BOUSH
3477,4914,1,DESIGN FOR TODAY
3478,4915,1,VIDEORAMA
3479,4916,1,DESIGN FOR TODAY
3480,4917,0,couturier couturier couture
3481,4918,1,KODAK
3482,4838,1,EL BECHAR  AZEDDINE
3483,4840,1,LATECOERE
3484,4862,1,ADIMA AEROSPACE
3485,4865,1,GORGOS
3486,4867,1,ANRA NETWORKS
3487,4871,1,THE HORSE
3488,4880,1,ROUND TRIP LOGISTICS
3489,4896,1,SARAH MAJ DESIGN
3490,4919,1,VENTEC 
3491,4920,1,ARAYMOND
3492,4921,1,IKEA MAROC 
3493,4928,1,CHARAF
3494,4841,1,BIO SOUSS NATURE
3495,4844,1,RIFI ABDELAZIZ
3496,4854,1,BALTIMAR
3497,4857,1,MARCIN ET FILS
3498,4872,1,THE MAJORELLE BAZAR
3499,4881,1,ALI ABOUIBRAHIMI
3500,4923,0,TEXTAX Mohamed
3501,4924,0,TEXTAX Mohamed
3502,4834,1,AGENCE CHRONOPOST OUJDA
3503,4835,1,NOUAMANE IMPORT EXPORT
3504,4842,1,C.B.I
3505,4848,1,ANAS TRAVEL CIVIL ET ROUTIERS ATCR
3506,4864,1,ADOUAN FATNA
3507,4873,1,AKAYNA
3508,4874,1,CONNEXION ART
3509,4876,1,COOP BH NATURE
3510,4882,1,SANAA LAMNAWAR
3511,4890,1,KARIMA OUDAHMANE
3512,4847,1,ARTISTO
3513,4875,1,FOUSOJAME
3514,4877,1,M2C@ETUDES ET SERVICES
3515,4884,1,ETS MED ELHARTI
3516,4911,1,design for today
3517,4912,1,design for today
3518,4925,1,NEXANS INTERFACE 
3519,4843,1,MASYSCOM
3520,4855,1,SIMEC 
3521,4870,1,DRONE EXPLORER
3522,4889,1,ST GOLF PAK
3523,4898,1,zarda marine
